mediaId,tweetId,mimeType,size,content,exif,postTime,modifyTime,deletedTime
addb24b9-3b5f-46e5-9d57-1796fa77166a,777a5ee7-1a5f-45ce-ac3c-1107011cc3f4,video,582,1c4d901ff7bdf5d058121332c739884b340ba890dc11898cb1bceba9e7d5f5bc4e5a3d5a690eff26fbf91f184429d5fbe33f0d4f0d9374a712819670cc18506ef2a6b598b4384ce325ed64e9998fc53e2a1e69105aa7e1d91fcaf41d8e2040ad948c82afbdc9fcbe67d73359a7bd4da1a2a04f91a40b68c77f0ce392c8d7b23653ec93297edc65a6be12b8b97ceba1fc1d9e9bfc20f5ce69fa724d5db9044b0c47a850ddab1036ec0d5a0a707b4d6219177c741c9d1286546ef00676e615ffb41b85ae8d905839e8294de436a93097e5fe5b24fe9b29de5acd20f6cad7f713c321cd95f64ed2a4048adc0437296b2e4a401cfb325d04f42a1869ec142b8bb2654c5a0955bfbe4f059959cee23635db5b3292bfd81809945898e0fe0c9848b0b008855f9b008992636fa1e438f91c211c5b61f3bcae992422191cc5cad4e1fd5b7b793a6e50e4ab3dc863996d82811d991e92a1b2ddc518e158c92674b5bb395cf9e13526be48812fdcbf67c81738a35526a2216ff1f7665c35ede1813da9b56941bbc1d764259e3cafa1f845c2453d76ae4ad37968b407351a914056464b6940369e9e6db0232d5fcc794da6865dfad117392545ae47f00c78bda4b304429682fc7a24d29f7ef47b1671611794cb713faad92d3737b012717311fc25bf5b64947d83a9e841e8e985b883130237bf7be6189029ab2fc995b3999e11c21a4d7dae143d73d1445a848c1f6f2c1aad4fcb90383d232198a926114909a980b3eecff53b80596c524197e7addfd4f5563f88c1f3b56f8024e9af86202ea9f823209ac0e316b94f7cb1,368802631d33a68d5cf4,2022-01-28 03:04:11.076870,2023-01-24 05:47:55.847123,2023-09-05 08:02:37.839358
5182a686-716b-445c-af31-60acce6164f5,17713179-e5d6-4b71-b242-580be8ba6726,image,225,d4d9b8a5a401b0d745a3192e07e9e011077ab2fe041a14178b2a52c15d534c82f915c84b4b25a6ecb31746aa8aa6fe6f3923d7b69ea30ee7b9644c3dfd963342afe924e2f3f99ab9a615e8c6af5c7353b2bd7b87bcef8264d43b56c3185a1a2db8f1923a487f1a6771289466255370af8d7145dc1744cc29fa1850eb13d2109b1da4b802aa5499399134cca947994400f6236b408e0c4127fa1007f0cdfa2ac2084c7b54d7334721d59348391a759a200a80bda565366b6e32d25f03cb686ec73c28e1d2b1a1396f24e931abaf742b9ef4e62869a6a5eaa6c4a236b1affa44945f,16c8990b386e371cab12,2023-12-29 12:58:40.346711,2023-12-31 07:36:14.880991,2023-12-31 16:35:11.057719
7ba9786f-2eb8-4178-b29e-7633a78ca86d,6dd26ea1-347c-48fe-b74c-d4affd9b5b8c,video,350,02e0947c2e2fec71b63e84075a4de6fa210ae3f2b6ec6862bc7d3e974c0f314e5df4ceb2dd92c6c8dcf97d59eda112b3f5242449babaa729c5b24e32980413b72a10003283bde931c702b01d961dbfc3d76e3c76da182ba6c120562262bec52afe1ff6db1db79a24f3698c59bfd5a9c15f0231abb96041fb8c562a188b60695d77aa06726f0368bedfa62d62c52f3eaac290c621f53af00461250f5449874dd9d0e3169d9c869b47b0fc542eed5148e3cbb1f919c0806739189e49c99e19052a89879220fef9079a0985ea18b61f1f123762905499e34d07df4de35b99287e9700390f08971654699e778cb5ce6b71d6e92f1e2b2e2caea4665fbc68461588ff6bc115f04aa42c9fd7d86079255c4cbab2693c24b12a081f8f92db884fb928b90783ce7abd95017232bb0ebd68ad075ebc3c2586960dec820bfc5fe3136c5fa9be31d600670dbce483b1591ba2e693a39440b5d3250cc533319b8ffe1bb8,a1eff0c0179c670ea332,2023-05-19 02:41:53.491641,2023-10-24 13:31:10.584515,2023-11-16 02:48:52.999983
8ee7e8ec-e48f-44da-9ac0-6adeeaf45dcf,ebe0f7cf-c3de-4a2d-aecb-517365188ba7,video,884,d7e03dcd36e0fbf70163eb357558b5519f95ef31435699b1f972e577fb46d230afcc6a9fdd6d42528ea88ca70a5f1548025b227c4c9d66f5c967a30004de1ca67be30c78a5afa45b0fb23ff2c1390af84f8d559ee09d0309c4d73889fe226178d0f54e4f1353131bf446424fca3a4b65bdf7f8c2677b8dae7778b85a9543e14038eabc5d5a326d718a6df28ef76bfc9a6499a62cd257c6e8d7072f0bc5c5391d22ca78f9175d1aa24602fb7dce625047c8794b08ecb8668981779ec0c65e8d63165171660cd66f7b862ec2cecb50b9accafddaad80e1f49289b18b7b501a060634d1748f745c5f81e5173db9109e0a8403642390f58aa16e7cdd29f85a19ac698bced1d3ffa034a83f43bd97a6a0c6344da755e6d9ca8dcd372109f77926c40c71246ccb0ebb9ba86c2f5176c02f2a72fa1256a565f55409e3988fb2efa9828d266d30ebf66f124fc66091d1659663f82652e111b3b5e64814b8efdc8ed9bfca07f9905440ab95b69fc865aed9900654b9df200f2173b64896e39d490b02cf1da7380ace48d4db3afb5342480617721360854a0028d1a499cd04ff3fea6591f4f468e2889bfd718c67d98d4a33599345730547e461c55cec1a0bd31716ef9a391161f570babb0eed30ca1e93bdb2e10f086cfe50142cbe9ede60ffcfc83f06c93943f782356bb708e6b29e3554b1b7ab4606572a2301180c1b6e949afb704db2ed089735193c2a422a9f3cf4168730a9308b3bbb8ba4daaced29adf6d1d7e9acc981811601d1d54be96d0c6c213c2693ab6fc8b5ff73296ee61878ab9a139844c40b30bf14d74f2fa72cec0122c96a97a94a35e0f06e9a4ea07061a2c4612c38ad7544d3e36bd522eeeb849b805274359fc3451d60a32a04a65fb3e45c41f34236744caea86b1ac6282d2381debe93ecf0bbae0c670371f7d236f471c363e9d74fda0a0f5dac3ccd9e809a8a4c961c3743db510c5097ce29f70285929b8345c9fd61de41d3b03337fa5643603f1e4503e321597ae87130ad66c292b903ecf5317b18b81b5ebdadb909c05902c5aba799276e7174d8a61611899002f8d290fb145f4aec07da85a3a485d132e533961c76fb1ddbeafa8a894c10ba7bbd9bfed52196162dcbd1991e4690ea8ccc21170d1751d7037edc7177e66123f70108944a7f2674aeaa6506123c3ced771a7a771205b5c574ab3cf1f2ccc9cc33f5333f42e9257940736370d8e35278122cc815b361df51b72d,35345c3947f7e7aa00f6,2023-12-19 07:47:09.454218,2023-12-29 23:40:15.564694,2023-12-31 21:39:20.037708
eeedfed5-c8da-4e7e-a258-2144d3ff87ee,2045903a-ea23-4702-94b5-804855e1f518,image,734,b24722b7cda6cf15a4bb4726ffc91c963e3d4818bb56aa4d08f075e038e5ce96bc5e41701be769a4e6e4c13e819e74c68adbe6642adcbcd9702e7422361e92626220a444c9301d2e0569115a638a938ab0c1dfdb18e63cafc9e8e65a16e51f4260c6902de7e8f1ef8385c74ae71c6b002d818918a12ca06fb4ed3b87b6cb02c6c000a9cb2364ea17a00aba084f1f6db923a9f1b0f7a6f6ccfd5a57617531262abeaa6dab515da225031aa098aa5e448bc76a4c3a2cee8deaee117e3debeae91107fa15eb8e8ddec6c0ff66bf3edb30e44d284e430632c5effdaa6eae3bccdc41096c7b66bb40312b311621bef406ec714c1cd10f98903c1005fe1e21b5c6cac2fbb46cc30ada2e7418ac9cef15899303acbc97b5434a9f4073391c2c3b018a3e724bfba5a7f9e1965d82f53481c43ebc1ec19048bbad10ed569977ad3b72a1ddc26677dfed58b4479153e84cfb47b2947e6e3337875dd491a691474054dd7a92559b81e77d657c5d817270423d5b46ddbb55d75b382c280a2ac5c706d04861a47075826aa8c7ea9c1acf4531cb1ddf006cf437f6922154e6effd45a5206db69c3fe288bf61f9bdd0129eb296bfff3586ba41b29f7ce100417a894f9bdba6503129ec038b7c5be85d5a127fdfda290da985c4fd3ccb042d703bda4d9cc57d94652315b7610b31cb8a4ba4fa0b06160c7d5b59da6d41faebe4f57986cd2c70b12b859da75f7b482b9ce20eca0dc9533412c390f9ad7b40969a3377dfddfa05821d1ead79ce03f560d13ff0e48f15cc9d77b14be572fa308e03fe959018ce1cf12d53bda2daa72ade1a643ac56ea02b99b4ee7ec3935e9e62dbd205be231d4f2d4d3866ba86c43cf9e7b31bdd76fbf303d542be3e2808abb7f622d8fc75e753b27d283098ff47055dc4825ac99f9151f0ab92ec2ceada05df80df0650b0b1d28ba3792bfc6b469cb079a8b8c5e4b1b10a2a241d0ad31129a25a25d5bd5d1fa8510c36fee7267291159728300e4ffa49b859010bcf06930931c93807536d9720,6c84c1cc530fd81dbc4d,2023-06-16 12:19:08.260680,2023-06-28 22:13:19.845105,2023-09-16 22:03:31.862656
ba7d082b-c9ed-4c6f-8bc2-206b8686e12f,77a1bda1-c530-45a1-87ba-8292013e34dd,video,863,10e2a963e4cc8dfe9e33cb955df2085ad424701c65e0da9417d7a33c326990a9834a298bfb75e23de1f12fb084fa8dd849e4c179ad78f6a2e948bfdca45e2d84d356fa9f61b7a3f4f5ee43b0986727524b96d92a0d0e4adb4264640c39f7680a70fbc6b066bd907fa1d0eef542e151cffc225ca76ec148f8bff67d8bfcdd5a2844b1a299747f2168d9a1b63b376a7ee4d5d999ba8ed5b0c4ff40c002dc1cdbad7449186d78e55d40b673cc4a7e6733ed6137869a15a37ad82e95540ee8b01ec55c80093d306595d2bd961e7a6e995d96dff03e8c9039650b8e68c2a573e8ac2d42ce7ad2aaff0a47715ab66939a4001cff6372cf61ea176f3b28170d2d6e23a85fadac11a46195dd68b61d60946cac0e11864531942ecaf07109907507bdcb66e57cacf3224ce9b23beccef55f109ab56f5145e1689cfe59a82cc69b797fea0e8cf00b599e214f9f934bdaa102166f59c3001ab61e00f20a4d052fee170072a8f672db149f595ee548769447e0432175dcebb76350cf4c022baa379f591034db8bf495bf53c7eb5596cca3d4c6e14d4b27e4a5c54a291e354e036a992790cde86ab2f8e7e0cc3eedcf6be53a9b42f4c5093945ea2f90c1f840d04568b4fcd8be72e45d8d3eb66d0002110357f9907f0870384cb1287f338d15dd7cb5fc2263b539f3a68ce8e39ddb13fd849a33ffe77e1d5e782f9c056e2b66a9cb63ad2e3ff1d01ba61b5d5d19b89b2125f83bf0795630e552e837c426d8bd9f638c559830d4cae741af0d81a6740189b57bf0350cc9be7d2a86d8395e4eaac0c577427ceb9f95c6e081c4f9b13e22834d4120e4b4fb19590125882e6edfb76af3ba6d40b111248ebc73fe1b299a97cdbcc15561252f4915e2fe3da6dca415157f25cd1032889720e3d3e25d02aa4e544527a04e67c9be00e6bc37d53b1f8f177ef71d786eb7fc2159669134a33fe8137069016b7873df0fb227342210f5617923a6ac3b19ead04a82229346565f9cc2815b131da208ff1c06a18d4fea72dddec2639e0a23e66ad336424fc21b66a5a850b3d30fcd4f985bc82c02af9407117775e59c7139defadfd7fa182608ade6559f36cebff1a7022247f92fe6dacea3c7913acf40f6d7ff79cbd2a35d05ff137e848176ee505d883b036677d61d83fadd5c307eb01ad7e44cbcab8870e2cd173378e55a601bdf1bc705b915d9daa994e355b54f7d7b,222000d4f96604e3d60c,2023-10-22 23:02:10.620872,2023-11-24 16:05:41.526909,2023-12-04 03:00:51.511067
729e9775-870e-44ea-aa63-b0fe1da15027,504b877f-bc55-467e-a12c-0cfc03e24888,video,969,b1c2d1030c60b659e728c90db6304fc530a122b6b516951afb60002fc447e81a6abc606b214a9cd3fd112afa09bd1bc1ca6f9fa36790dd13f91839f48ddf46f2bdd422f2cc5602156581d294428e6e3d52023b559b0790d944fd930f7d253a56ec249ca9dca6825b2cad21a39dcb4d88d935089164af86ed9ebdd6fc6fffe048a0430ce4d863f051afed5982dac31fdce6add123099fff5793de557722a7ab2fb63f8ca62bc13fb9d8795cbae1da9f001873821001f75d5ed283c2c0c59878c0db6482d4843b023b30256824a14bb256b168f85a6c8fdc02a61f724cd10c648beb9c402c922278f7b34cae456af12db9ab610387b0176b04855854d534456746390bfcd54d7497947b6c8f2a1afde94c2a0434cee15997e3c6d0470625ff7af7ea47c45a4d624da3c80ba1bd7ff74aa556ab07c5fcf55e23e741757b1d41cd8273b6375a9380fb9865f5b6aad66848cbdae5a4cac30f2af9960cc40b2f7244759ece9e15c90727ade94e39d1b30db4efc437fc07e47961422d847d14c4ca21171d516254e0ba3677048e6494c67ab0b08d9c30ab2bf9ab8d3d03ac1e9f87b6ff34d547c419cf3581d52b63c015d3f230c973c1135a4cd50c3f58324d4d0268d04d996d4bd816d663b2c5587ac8cecb431b913dc82d68e0188a79ad99c109cddf2c92cadf87dcedff64da9e07d56d1e70c0036ac5b1ee558488619c5a6935a3d2d8ab7caa03bfe60396c1a46660d9373ae0ad035738a866f594b1243decbdbdfefd8e2cebce23ec76777b6cf26d60749975305420aebeacfbd814a36efff4e6da9d342c446169f157cacde8769f43ad3dee07fe36eca72ee2bcac33bbfcfcdf85c6cbd74f35c865eaec8dc1e616a4737804b41f504b131d0a3f7192ae1b13fa15dbbd3b63743135f1015b9554903f9ba20124757102066a54c2464c71c1e1f508e35ae16e39b0df414d2f98b4f25674b3c7fb4e8cd5554f7ffe0954a0d8c6e7984c71281fda1a9aee6c612915140ff9cb50c0249548373207732706403e2ba7eb0d2cedb4cc76134665d8e40e929091a120a26d51b4b076c6235983b21e73fa7cf98723acfd9b09ebbe93e6262af18282a88e9e8cfb1f6f0323d0ce61f6b86abf9c114a222f03a53fec353b8c2c3adecc7c8146e3bef05b7455ea083f259bc78314f5cbda47d27e346c8d5dcb155d0be0e7da67fcc25d142011b8add315ebb34ac885f792cb03a33699d7c9018d278109090631f56a281c1ea9953b2b0b5ece440f5ade822c4580dd861f11727d8f4a2b31d849d76faf4414d23498d0b92d0438bda6d38d010f76fef818d25f808d0d6e02f43995fce50a1ff1fb36a6e5bc23b23d54aac867efd4ad14,24bbd23216a8124b7fec,2023-11-01 09:21:40.028871,2023-11-16 12:19:58.124217,2023-11-27 08:08:00.696302
1b54b98c-06aa-4f17-bf56-8e18591efc78,b487dff5-8bf9-4e74-8345-a02d01a7ad74,video,603,8179ad59eb13cde65f22213c8578107005d1575f2c51ad598e38b0fb9d88390ba10f7891ae5857cb949716eb50bf12922cef3ff4c17f6154efbd370448bdb501f016f81e5ec3676916a8c3bfdb3fc3f8b05f635ee3899d08f98552f0b5a5c8c06294cf2218cc43780d7a95ad735d8d5fe5916903adebfd3f16d80605e716dafe3fc726a7a388439cc00478c3e636e7953e1010ff5f2bf21df35314b4bd038861d852f7e74da52f2a6dd617c5f23d1d7853682baf8f42b306659558504a9f1529424abfac0003815439830fca8ec77f9d5c92cb1864f71439c63250ea8a3dce684669c30802373d746e5107eb6df90cd437f787abc70a952ff09a99d5537c3daa33f4e44f4d82f7a26980bf55b2179a3b8261f1cfbf69cdcf8e0e8a02dcaf4f5d577abe213a96b5ebff8e784a7c596a7c3a5c9b73aa49abcfa140365641d7007637c47a79ac07b25d1eaeb6cf6475b02a39149802511090c6bf78cf834ab673427f52c52a076f3bec69b7cac105950b98a683ee3a74ec04e565106910cbf0fc8873a219704a609236c741d262968367d2820522983db6b53450eff1682379b5715d25cc71129935ed7256516fc2165ccc1f9d70de81714257f1bb2c2cd1e1d31c3caad1decf5bb78bd5c4f19a7d8690ab22da2a2605a75315061857afcde976afed42876802ebd4ef373487617ab27978bdeb0466238301deb6a8864fe94967181d9a990a088ff994b050736ad9c4b088fba61500c2e0bcc36f757809d701d461ebe935637bbfc9036ec8f8d5eda0288eab05984805aa5fb1bc0ac7685c71f1b4682fe87f50c8ab0ac8ae542147c9290c0019c06cbfc53e6dc67536,afd34d1f3e6ad2f62900,2023-12-17 04:12:56.012865,2023-12-25 12:59:11.682870,2023-12-25 14:26:08.551806
0e0eabf9-d9ac-492d-a853-85143e893c92,5bc84c93-d1af-468c-ab6a-799b70f1b3f3,video,966,cc18459f96578145817ca68fe9089384dc97ee503d2065420933bfda860274ad38f15a7dbf71f7193cc8e35bb206ab4cabc83b0b3e5dc66a0f8fb5a271f5f255d96f6c14c1dc87a63f116c5abda9235a49eb7c958c0410f8b65147e90bf52c1620e9828fdad6e4b47c1d0fc02c025d5ca18da0820f318f5291a7730ed86db3f7421eabb3a749c751735aff3bccba80e2ca1530507def0c0f9a128caddbd7c6de0f61e64af472c591feb071e2ff69a891424c795a4a364b25c6d3186993a14904ee6dcccc70fba622ff7f908da47c1d1520b077c497511ac9a018c634598ccc97380f30a36b1240232f111d8daa81c1626de9468b8ea2a2d72aa36c55b156e8209a4e46b5e27334de59586028f26647e40f33fa1614a5a02ee3c4c2339e34cfcfe3c91b1efaec9bd0e9819ff923da38192ccbb94cbcc95f7f0fdc7250c17d6a5805ab5be50e385bc9cf81fd7d26f8f780b17f922c3ebd944e75fc661a5e2fd4446cb4584b692b9a9a1e1948a807f5a7d972efefe381f9e4943a927099487bc4e2633abc99e799f148d66a4fe64b38d1c6386b3d5e4c7cdcdc136b84f08ed66cfdf291eb85beb32b940c9706342330488c80d29c81b3cc5a93e15e5f96beb2fab552aad49c553a5a1a2c99f823fbc9b17a6385214f8df0b44cafb37785aff426cd130d3cc062960c5f8e109e5d9533dca1f3b8aed194cadbf101af0aff0d068416b59fefa2f9aa0c96e0aad00703ebf5a67b3a2e995fa501b1c624ef74316f6e4e480e6fe9f9d04971e7cdd84b894ba9ee57d26dffe562aec821e775a8af9f9a8eaee69bc5256cc7f43e172c97e361d99b19384d1dae8ac90c0791e71904f0ef4fd8939cfb37c63c2b70550c66e794051e8d2b1ed676c8369f5d509118357fd3e6a347f2b8d9f5d137e0651c4c1836e14103a932cbb1ad055c271426ac6114d712f071dec770ed920611ff0801c32e914ece00a7efd506cbbdec0527d5c7c133304d009386bfdac913b08cf99ca6158c493b240bb1e13b48ec03bff5dad2a692a958bf638242f9be1637edfb44e3497dfb1e3b5adee47b733bff5719a91571fb608b762f70ba87293fc4b2d0e633c3a456798186097025883e2a2671b7e050258a81c92ff60f981bb794b7b3ae52923d54f2bbbc856a68bf5f0cc1cb4825411cb2846927a9582287fba3d6c6cce09a9a8e4deb7511bfcee9fd1d7f8bff964f48b15fc0eb3efb3e43a378738473096b3491f65e7342567ea3799927f4fe4fc11b4dc2e9892d2ecfdaefd31dbbe5fcac0201e8162f45f1032127c2f7e5e995f3c1283cca475332a9cf12739995c65bb5653d57b1a79d963d75d2e66c88069bf39c81e69ea9507e31,665299c97e41dbf3df39,2023-11-25 17:25:01.818593,2023-12-02 08:07:35.569579,2023-12-12 14:45:56.802838
e43d5853-5783-443d-a74c-9cc895d684fc,048f30fd-9b08-4e83-b92b-8ba94b85817e,video,203,a83acc6590aeaaf03326c6c9eccefb6a94524da4f5346254715898eaca4f482303a02578417d8282b90406fbb6d1107fb1cd86f7529f9e99b0f706d7028b4c6512e75dc1e186211d7415b9be8bf2a42e3af3a06235b39866b5f3d34f4d03340127b8e8fe40b26bd5d0df4a08555e37affe0e653fe43f2133645d607fa43a08cdef25b769890da79e339b653d3c498eb2380b272a0c4b4ee8229ed306b2b0080975efe2c39b844ba47cb7f2bede6c11c81e77a7defc6d5e1413b298c191e4d99cb6b115acc2ce4d2117c33e,79086c73c0805bf01715,2023-11-29 16:22:45.552070,2023-12-15 17:41:11.168379,2023-12-27 08:14:08.915449
74b9871d-0829-45cb-9701-68f5088e92e8,d76fdd7c-b444-4e44-93d1-01972ea8cfe6,image,152,d8cc7fb4cc8416c9021bddab7ae93438d2dd62a5675ad14da1946045ee3292e83add037f353b264cab9aa1e69844e6f1c218ca03b49d57dfe9bd465393cef2a760fecce3245b221037cd6ef1de0e5159e033a8b37d364c28a5de27d8d45450b57b730db04b2eb61d321a7e9d90ffba68adf9f8485666ebce31f1e55a04758e25eb377ff93e90fc58db8aede83a2898de3540408762985f5c,69bc4ff52dd2d2bc2e83,2022-05-30 12:41:42.413661,2022-10-18 23:48:55.119648,2023-04-05 10:38:16.744188
8637f540-b2d7-4a8e-92ba-c6a96b042f5d,9dea3a96-6964-4cf0-abbb-b4513da166ea,image,965,65c8e113c2f5c8bcf315d71dac76771fa32e321f3610b2390a3cf6993a69d87acf5187970a7f28c60db861808ca6fd999521f015df9081279e7d0b6255bc09fc6644aa115576d5b4f5d97345dd6d3fb78a8961c8421d6c0c47ac1e57677df32ef3131d8577261c4b14674db0ca4250afe4298f265f33cb11ef796e0226382b0d959d087d94b62df94396d30ac4e3bba565e636b43e7d8a80286933590a65c56cd1696c62c789a82afc820748a66de3d84a0c7a27e0901e828d20d3eec78a5d9623716c0b7fbf81b01323c0d9e6880002bacdf97acf063e0b8db64371c374a24590c3e0376073259a12ef56bc8ef43f64b5949604258d99dcab7d7ab9cbb3d787738dc9d6119598ff9c70f1c95b08888fcf20ca9a1fb8f315486910e5cb376dfcc5c6469f4010382b8451d5554321285d46a2efb65b82da5e0624f81ecfaa82faf9f79fdd7e8437ec8389fd426586dedfe52de539e67a4aaf54d874c1d16a402df22b1e8c555f43dc46542c7df880bd105d127fd3d3e3367487934757fd972770c0a3776ef6761e0dbd630fe060fe61faefc6be7f5a1215fe0b940b36dafd92f0bd52e0be72b4af95b679422fe146424dfe5e5fc0844ec53fbdf8800602f5ea96207d9b4da5e511059dfdb1111e765869cb6fbc727644d23df2be6a670f40f32de5b408fd2e44f167038caf3879ef78f810d9c3ce21ce30a8e06cf1b48393867cd40b150da8a166fe24b6248b404e191a04af4eae0c48489b6c8c49f2a8eb06323bd72a8087e2c112eeb950a1f202a3ddf834058b948bc25e91361f85a9d9361e2fcf335f9e355b3314512246d66c9511b59c212105e891885ffdd309aa3b0f7483324078c78a5316a5b9e7028f0aef873222b719fb6a5b4c56b9b9db4697c82a5e980a99af783f27e79d9a5fe7a9beb1dd064d6b24d2ed99c49160260d3afb74d1ae3ebae083f53b950518fa6f5ff2ef0dc439b62e16638df319fb07fe392562b21dbfa10e86571fe5ca1d611a670d396d47c7052a40b5dc8a34fcee27888e0eb0176d7aab51cce094185569c12990d2ab91c870d6814bbf64363a7d43c62a8484df750bf87990f38cefa1ddcf6748c0c47d3e8e78185fcd62ad201657d85fb9ffcd9ffabde6768d04219dabc6c513c2bf9ff1beccce16438f58bacf3adc6858d7fc8158726522c5a44c5d6ef9882b4ee2c5280d6a95b6f4b22ee03ef19f3e56e9c33f1e6d72563e73eebbb987d995a04b42fd619e949f02eb02c13a9818b34185544ecec05edcbbef8f9f966cdc0d705d61c9c799cbff5784fb580e08e1cdc50b5e871cc40f4ad0a03d97d365491fb376f432f48107ca681f69fdc1dcb51b5020f1da1877,d04d97e18a1d0c28cb3b,2023-12-03 19:11:32.751005,2023-12-16 09:51:55.379330,2023-12-31 13:16:16.023251
866c0412-0837-4db6-a252-fd4cc228738f,b19098b5-d355-4915-af09-e11a0079883a,image,569,dd528b6fa7827bb0af155fad7eecc8793038999cab599e004338164059e813b1e57049a4dbfb2664b83f0ed8275f2a01da4502e9cf02a8d71b619a2cbbdf0bd60dae59eda6f7382a154276f8e7244ab3c790d03d7f743d6dee5a765b2f086a78cba5a25ff75604ded5770ebe4675ce1337e516fb7fa1eedc1ebb5f0c75efe44c2aee889945e8748eb690dd5345d7b5a14f7f398f18fe659290868ddd46836ea48d3c273d2a4519ee8663915da5d6a67ec76d88c5dc6d3ffada380beb949a6b14578bc19b2bb7dd9ceabf9027aa02e3d61f792dfbf894f375aba747400cf464e3a1e6ff78a9e785ddc4eec3871fd74e3885e34e2d108bab3145f27320645a13100405b2922e21aa2de3f48e7ac60b053348243a1796418ccb4c377cfd9eb7a64378e5d00fb2b880811f7c927ef3960032e7e07aa829c728f283277065f16bd5f4c7df4d5b79ceba5859768d3cff5854be2141c1cc4996f1756f796820802d840481535cc46cf6deb2b7dc9855f424934182561d98732f8cc413e4c4db20d335ab5dd7729327ce90f9efbf6f679b104a02c703c6afe096c653723d867762a2a984d2123f8f046a68cba5a8fd3b08339032baf35444ac0985c84c29ea21f4dd6596919b386da7549213681f54bb8685b8c50753621020322047262b34bc7b45e3c04f91f0a8f9f46cc790e279dabf120b7443bd16f21e1b941b79ecbb0166349232fe1df38c0f0adfff710a813c3933e39ff0502568f4586fbdf8bf2e3b94040c03a806b05e6d0e1a531defa9b5375e71692d9b6e11d0e06f51fa,b6894566d667fa8ebb2a,2023-06-11 09:36:39.595315,2023-07-26 06:51:10.814506,2023-08-19 23:47:28.069151
2ea9e02b-62d9-4d34-8ec9-e6354a20a1ba,bb2307e6-435a-45f9-bd14-c69f41ad811e,video,705,53e8578142cb4ffe32fa600ed5075fd182abfd5d835f746a10b4e829e5d2db18815e9bae36911c101de51f7519f682d6ff29ce325f570a1acac3b1f4b159ffc8b2c2748a18e75edefbae55c1fa93e9dc495f3589c498417af7d1e4635686ef7dbc8a0cefae3515da1cc8f91483d78cc42f777287817929f42b762b59017ed8d578be8c4bc5f3daace8352ed69aae511af11d544bd384d4a52c60f427005a390f9f343f2055fc043768058ebb8eecc2102a7fefa8338126b60adcc542521d2ae1108b11baa9c8797118258efc98b45844316e1b515e4f62f135c013bafc30007910a0e47831f1ff2d87e4e1c66bf592003c4321530abf54ad111876e8513c236f5c541bae098e01c38316ed44c17bb796783713bb06f9c57305036ba5c403d30797c15a188e9f5357076c77f4709557660c8e0afaabe33c999213c97120e975449c31123ed0807b44c77917e7d06faa5daf98fbc725391bc63876f175f7d1e497ab77abd4fb111234e0bdc8ca884d81629a16f5a84347b60ce53fcfb32c194c663126825d5896dfe5fedcd70cb098d0a108ec3c702c62d220b4ff40040eb1f96dfeb883d5666ee4641864868577869c7fbd9a4c1f23d2af766408d0b3984294070863f4742d21d6b8f884c6ab3eb6b1b0a5a5f49310d879ce9e56fccacc503fa452b5cb25cdb98f943573aca94357ad189d3a5618339801ecb64b33364ccc6e16b4541055ccb7f25db2ff646a97f2ec1540afe757cf57bd8ddcaa1f755578be41767fa3ce13588b440af6f33915efc61a0bbb8e2a9c80d4a4daa92df7a5ec0466f204334e296fe47c40a64e1f7d0da3d78d2e61ca1049c1ba0cfcd59e7ad76728cda5a9eabc392e5df308f1a7d759a338f9c7149f7f44d1b543fc46d84a223915909101ed6021949b444b5c0eea54dcfb88fc38fe7391b9ed62023c398f3b1f45a611b7ede1cfc298f9e0d083fe73603e271a24725e2150cbc768073734e766c9fe,65ad74f079903b709bd3,2023-03-15 15:23:59.370813,2023-03-27 02:25:00.037321,2023-08-31 10:26:33.775442
6e2448e1-d3eb-4cc0-a302-d4d387fcac50,20190267-c68e-4535-ab54-c1681f13b19f,video,822,3528e68f8d775a9629c0c070bf88282809aba857e6c91b619c61469e9df85829254846718bd9a7975da2f21ac5ca8bdcd51177307a25e56eed1ec7d95a8ae58b5d0101a1caa455bd2302d7494fe9bc0218d31c6c66d13fb54347c598266ecd2c3581f2280971e71d88686ef66078fbdb3993c4ad326d288b42ff3fc996e8b78c1753caf38ba3ac039b92a9f246ed7ef8ec51874a02cca3a392ede48e30afdc90addb2dc86d75aee22d9b9117d728f7068ad96ed925b7be42090e51cea509ce4aea0ab92ed9ee9dd0e7305e210417d4d7d0f4c43da2beec362e50216766ff33c5b36cf5bbcae962c0c96afd3cc8c3f8c9c6f87939f1dc1cfbfa1635842f83e4d328f629810236ab04a51006c4d7f20eb8c096ad48172f1de3b8d0c741bc88fb8134ff57cd7f6c9639911572d190a43ca0673cdb01ffa144c7865fbecb48cad8bc6d4ad7829af5391ee20412004561f4f48158cb3a8f9fc85cbd78139d0bd171c83fce6e6c0e59a37179a2bb96adfef553ac0ba79c7852265fc71a6ea600eab620a863c6007e98263caa6864704f2438bda593832a6ed4fb804c881ae10e171a58c1b8daa8d3b3016a3398bf77e9395f2cbd14500c331fe59c6c12832a5f8309490c4f168abebe72b622d3d7da3b20b132838760e69025e5c85bd0f5bc60484af2bf1030b45919cb7176f89b7b62c5a91e86d0b0f9cd0e4c12ee3a133e0abcf928f08e0af1518320beb454b1871ca628e39ae60773631ede7df0726f45adccd1f63eda6703484642a3d5ef1c7e5ded29330531e59a1fbe412de7ed270dbc230595e039a3c8e8060f32cb320ce7c05df576a4326b2d42392c6ad0a0be3a49f2fc7416ea4473a50b4cef5b4f6e8d87df8b786d13942e5fd31d72c96e9ccc1aad2dec8898211f3e7eea213ab28f59271fed757de9c0b2c558a4bceca6f9897930fa950880dc62f23bd548c7a888b4cc3a60a5f6b8ca04194ff002ae5485fb5ee886e80dcd8f182e43a1d2a674f414609ac7793dd0b9645bff6af90df777f967f5e62488fe7a82cade694b80a6845080ce03836edbf68139dff943525dae8732e051e24139189d09960ba6a71aed320a06a5fd8b2bf1f1b5af9d72040a271aa1c6b47058d982559f76b248a980d64db5688f28c0ce0a55f6c9,b104ac3c1aac1b90ee59,2021-07-14 12:54:37.600474,2022-04-28 04:27:03.447757,2022-05-09 22:28:07.116821
e6d5b818-6005-405c-b920-e86e1045aaac,2d13fa14-257e-4bcf-b000-323878097a8b,image,553,5f3b4835768ba05c1dfcf8c5e0af19cfc5a2a7bdddf20d5fc755b28afa46f561eb2cd730ecd3fd969e5499926146ae97bd5e78dc0d722d1a9f76f7fb3a55aec4afc81b5ab68602f0e6474df78deb9715f4203146a0460422e6a33a4aaa73ec28c7616b8e3de98c4c93ab882ae3673cbcda80386323654fd7142c08dcba0f80e7e9adfc9ca1230ca48f6cc669d4b809b6540e9bd4f5d109daa074ebf60fbc1af40b2cbcb48fcbd1688dc13850d81c59f63b47eab3e9e0c54bb52982ab0293fcf236e56e2ba285bc07127c7f0c8255126e0e5d4f1f59bc01e22f2cd0df381d5ecd56f93a8906cdc37371d2cfd93dec575c18c01f45e5081663a91122c66719ab7b9523ac5fa75e60ab5f09a7c06c95bd2bb622cc03c53f8cc4b8dee2a16900d940b56627efd4b5de936559e8f192df3f365e1fb251c62f0e2af0350fc1032e73a0d1abb94f931b6f90ee5d284d73772555ce8f6b666f5ee0092a3a76f82de792e76759c5e2c599d71dca85c8f73ceca6b0b6d290ee5ec80c6b915d7372e7b954938845c6d9342b871a8d6bd23295c235759769ab46da8dc35df914cdaf8e797d6f73063803686aaa3618b2d2ac010b1bc1afa95d4c9bbd11e5fa9a5731ca9103d1822486d2b7a44a1d0f30188059a174cf4e0460d65c807113036d19cbbad71aab9a707184806ec3995c34e6a48dc46b2b530cc77ade36919e5472d4cc913e56d2cd197db579f96cadbaa0e6650de64a03342a835c2147b8ae8e942c7840409d4dbf8e718adfb1a67072,d1dbf8887ff9d6f7ba55,2023-12-25 02:31:50.894511,2023-12-26 18:20:54.666425,2023-12-30 10:33:38.213316
881973f6-c58d-4076-8c86-d77f9f36180e,f8f7c1e9-1264-487f-ab24-045caccfbe52,video,120,921b46e4931fae11d25ee56b13d9e174fadc20fb5f0a76044db20d32456d49e487aff25843d4122bfa03e5f5a5e0e9db1aa14034e71d2c896bfe1f8e05db3133205d2cc7f9f1a02c40354b00b1eec427a443ed325bd0916a8cf048381dafa83bdd9ce87a446ef35b9b8ce212cc8e8655c0e5e9487538d364,7429e20963d0e90fc09f,2023-12-21 06:44:05.654264,2023-12-21 22:14:45.363323,2023-12-29 22:25:12.629347
87d36299-794b-4ece-8675-8fe25a363882,929af2b0-48a2-4e4c-aa77-b7576356201b,image,743,66ac5ee4b8626c40df248691e73fc780fd4b3a18cf776cd024422178eeb49bcfa6a2c3923b2cbda1e72ff1f6c4ec84e8cfb054997f56ba1f94d0383142447face6d1f027542427773d4367bd3bc9dfc2fe874189a21f0e992a71d84367f72d2738c70d754f2792c96c52059fbb9062c9e9fc631ec4a629ed461902a5a7ccef981f0be68405b664abe2e3bb069c4296fb73d36788a3c1920e9534e6572bee9addeb1b42fbce396d0949710cd352c66558c759c8993c6da864e4851497a0571698ed359191b8b8ebcb83c6e087c9e53ac28eb3f151ba1df36a35551a7c0cf6e075e8006422640b87f6de478bb8aaa1b2d4bc51fdfe5edaf788b7789b109156332a2691f9a6e5fcb6642d27905bf39dec3223eb6d5d1a543e3f79733053f86e33c73f70c8a3a088c7fd829dec8fbb8cf6d0ccdeaa4e7993d1daf04f08d5bbf8975efc2bc3d98ef6a10117788f444056f3f132b789692330e08ae20af4a5f7238e08f6818f8c76be54f93cac428edd2c27b4f59588748b41c7dcc1533dff10eac117c0194a71596442eff9c3b5d53e11ee669ce6963b779a7bb56970512fd24d349a5d5a19d130017adc27fa4ad2210683c1ae07aa134e990e4c1f9524c856bbb05f037c7745ba90a3a8cfcaff1ea6a86405347c86d740630250ba8d94186febb3ccfb41c976e801e2c7e713251babef800e762667282e748728190bbd8ad6075d1738e85c635f57ecbe1766dc48757bc88c013399a080c2bb1ddd937ce6d183f9738330dcfb05745d034e3c05dc59ecb8138ffc5d5e996d9190184c8c690d2839b7cd992194691ed66a88069ac48d4f01d47e3aae93d58f99eb94617f607ddde0fd9c74e52adae5523cdbb5daeec918b6a7100457e3e505431eaa07a4a4e9e37a05982db3d746510955ec249645cee8a3e99702ae2cb3645ee2a9eacdfdaba6b7936edc2675b8417027bf44678db7a1e0cfda586a362fcedf2e844dcea1b3f7cdb05736c6ff7fdd35121ccdb47f3ec4a5870273dba449dda0e89e22f6bf1dddd623630dbc0d905274,91cba80aac41e4245b4a,2023-12-31 05:51:31.900724,2023-12-31 23:18:26.316688,2023-12-31 23:53:19.089565
b08b7fe0-7d1c-4d8b-8aec-84529bcb41cc,bc2ced03-fe07-4a3c-b92b-c1a1e7233d46,video,640,6a445bf3ce1245ecb7c48a8a9a51e5485473f182892c8676355d8938b7bfd202c43d811bdc0ba13a362fb0584bd49858ddf8dbdd08e684b93f9ef7f6d9e1a4ca3280e69aa00c51a30c4b625e9f54b421a756b82fbdb63cad3501e08f917990e72bbc66dc3b6f38bb3f4c9f968c886bce0a6a84fe0ef7f5de8bdd859cb6c7b77f245c27affd17145fbf5fdc4e99768b2f508b77acb54378597358e40434f0fa370b7d44f8b422ea59d6c2a89f3f8bdeeb37dd127d82517976c2fd87d44afe6c03ab2d5444249dec00c95dc91d9a52b7c9cd4cb3b746a48fea803a9e92427766e40519bea5aeac42a48cd292be1a02568a22c03d176486054bacd6f5addb62306645e3a91d72857c6b285a95926e6cc025873cb86f2c103942a714f776133140684d29818e65f94504b4a8f885e137b501f24ff6579a222bd15bfb707ae2412fb06164170660f0580c12340b515769eded0691c04ce223588a76e0bf5ff5440caa250323fe15b8c9b64fd8ede75b5f694464efa5f567b4e2f8bb999ab56b2c0d735528ca5b1db1f2575db911172d5b02ff1244fb4e9db214c19eb7866d6637601322d0a4efdf0aa9fd842d07411c77cde5eca846ad30de63450b3fcf6d3ea0cf201a5885d5c8594369c35389d2b925511294340e5db6f31efbc9107231ddb7e3db2bf1f9aaf79c5aed959241a9574a2af340351fea54bbf6fa853017fc3890cc4e99743af0df82472900e5ae4b9ea42383bd94d599b94ecdbdbb5d9851d3132b224e4899ee1423ec19012fcea0700d7bb036262141c3d6c187743f8817f3c16c4bcc71b99b6969b09bf9b5c85b809c852699d9cdfcffd5181d6567e91e576d8bc58c750a3c0551e6c5fda14b22d2b1b911cea6a1d60c6a626a157b0ca76325c264,86f10910180f0f18f1a8,2023-06-06 04:15:29.731875,2023-07-05 20:47:46.388486,2023-10-18 11:11:30.607167
f17df052-a8e7-4ac1-a30d-0bf8ae4a7502,4bcb3277-a003-4262-a6fb-062d1d8bad4e,video,217,01538a2c03468eed163e651413519d136a54c5f9679a561d4edfb8038df7f9bd3696d82cf171f77546fb5d9d20d439c1474d0eb52e9af70772a39a87e3999d7f0566a72cedaaa3cade6e694379108b4ddcad2e8b55859c9c0f8ac26e5b4a2957f5e6f27e986580abd8112afd55fd2e3cbac5ef83a8811928070ca0d0307db05607b33b3a9c7c4cfa2ddcbbdde9606672b97b2eb95a797a928c0a9428353481f26dc48981685bd4246b6add705bf65bd650ffdd35e4d7684f37dda0b094151cebf742c9432e32d63e8844ec4cc22aa03710ce4dd56670d55546,2a956b48a611333eb1e2,2022-10-02 18:10:59.958896,2023-07-11 15:38:57.071370,2023-09-09 07:53:56.458875
cfd3be91-cdb9-4fc6-af38-17c278c6150b,78f822d7-0c89-4eba-a69e-8af9165328fc,video,148,a86338c6172f67bdb75b771b17d0eaa7bf587962ca87159a72b8595e16f1a9ea9cae8ab573e6e9eabeda0dab5dad0e9c522d98147cf9ae58b24645aa8f759cba0143e346b07c06927f716a8d2c4bacd5203b3249beb221b9e19282af45aa115ef490e1a352d29e9ce0bad644df399eb18dacfacdd8d043b1cf9bd399f993f6dac7aaabb0274f767d30aadfc0594000f634a3cff8,9b6f669f09040d632947,2021-10-22 22:49:56.526927,2021-11-15 20:07:00.103418,2022-10-03 16:25:26.207565
f42e031d-2fa4-43cf-a2d1-40fe317855aa,e28f609a-59df-4c57-bfed-d47128599b3a,video,586,baa763287125bf653d183781da2f68b8cd51b4a4dd036de6bfb530166fa084400a42f5c29e0dae99c2c0341598deda5d76a0a90999924a54d953e1ec1ab793d80649b0a509ff8c6596ba8deeeb865293d2810d2215b9a00bae5d19cae2ea578cd5221fea71021a57c6ad9d5883f6809e50e576a13319e1a6145d578705b817fd7999f66708d634beb177e5199b14a05e1b0ddf0a7cbe60c3b2aad9babf5d818f55a92755234f8a9a08213b1afe7e8ba07fed6d4b9d471d8f7fbee16ad6969695ca9752960eb7c8f61ec3c2069851bf3711eac1409aea86b0934dd12827ee96b83e0a8a66014bb5b29754ad7b53555e3f79e49b7f625dbc90dd4bd7e1a1f7ca603e8828c4caea3310e638bb182869b70e8d43c73499abee15145fef5cf35dba0bb058931162102801f9f3d6693f05011ad88673de9fd09db4c3a118e96d4a508a57f1520f8e7bea8c4ea3e5acde4d1e32c342b1bcea3d2431b1aacc3976d1dba59119ff3f34dd250a4b685a9207d7cd1aa1ce1d23c735553022061d5894f163c2b6a8e489bce6a104269c1a6f8b51411ff8203b5188a2ab0a79ac8cd1a9a318859a66abc6a254a8f2ac284c53768436e8503933f607a0d06bc5395d39670a6447ace22bf6a81456d5c004ad149ba3e17067bc77b78ef7dba0b61bcda1fa40ed014011489c8a8b6524ee602429278562a1bfae42945983c5a8c17acff6e0992d005b253b47f5dc834de70cd79394199344d3d9a61707efea221a6ad4b889586dfd7817f6f47ce4881fea649317449af32d4ae5aa8a43365196ba04f0a56b3919148612a832fc3048b27637,6884d15cb1ddfd51467a,2021-12-20 01:23:52.814763,2022-11-10 04:48:55.055987,2022-12-22 18:58:53.015032
c1002815-59a0-4735-b9fe-5d9058676e57,b36767eb-c7e8-49a3-9c46-8a0d5889371c,video,275,d00f08f29902927d1bd061f565e9aa95a93dcd9ed56f11ee40471fdfcbc8424cf9fe593dba77408ecccb1f91075ab807d5669da84605daaf16855b16819a0a12cd05ab9cc081309f631b792a734ccb7628f1fbf0adcfa3fc08c34a29df6b07eca6ef225fbdf60f51ef935396df58c932d4ce944d9c555a7693d32088c3518bbd4ededdc23037ac2f46e6c7aced69fed7b8a2c7d83f366fd2849557c52603d0d20a420de7f8f1476302b9b122b5834d7d94c89e40547604b240af6b109c89e2fe8cf9747b8a38818ed2d855c5f2268911fe19447f919f45e1d52430c8c5f31ddaac2f85291f060e158df99c6d04e56aa8b5885f61670166bf86c08ca8d458cdcca5fa99e4531f19b5e302a31076d9fabcad59a7,e5bec9f2d11fc6157825,2023-12-24 18:54:31.945311,2023-12-26 11:45:20.028396,2023-12-30 15:09:53.498223
88169f78-fbd8-4f93-8f7d-24507fc0a564,622617ad-5ef7-4a5f-84fd-e03aeef897f4,image,170,0e2f678ce253de712cd61777ac7e4f7e594423b426075da7f086336bec72262b4d9768bf8f97b6a879f0fdc6867cc6277004f13ed8d266c7366f46fdaa80dd04fb53c10a49d793f3160cb51f6123d7bfbb073846b5af4e6ad4f4237312bd347106902c3b64acb65193ed967aa7969368e4c78d09eb92843cfd46980156b2d5441733391dad719acd4d129838abfc3ee8c3f2c1189b9c7c9edaea1522e6acd73b8e00bd4dd161af5657a3,e3eaba308130dbae6171,2023-12-09 10:12:54.686396,2023-12-23 23:12:58.305971,2023-12-25 14:44:55.501183
8fded180-8c7b-4e38-a812-455c2ae02dcf,e746d47d-2c8d-4295-8d2e-9cd2dbd9c979,image,925,396973bd4b5ae5268d0a39e1c7eeefaa46121e52dc4ef68a81fae13b7c0c795096bc415d3e9ce3f508d7b1a7fb641d2fad8f794e65920078feb5c03cae5e4bf0fc446edc9b390ba70f0774d7748fc2f710060878ed9cd75e3d1327c29a081092735007a96b591b9eb5f1cb39f84090c284feeb013cc962d36abe0b1c326c569462b0d802daae51f668dbb9666b457134b3b96380ccbe6b8ba2f421a26aedeafef5ea0877ae9176bd4264d55e29ba638d6cfcf24fc2abc02cb6ed5ee1bec8fc6010827728c826520e7d14e5ecafe16c27d44b6ce68ada35bf2702a8c63dba89daa773aa370c2217378ff46f1f2e3a66acde6713d717bca8074c21b6821a57f73c85e8ff80cbf5bc3467797fb6555d8dc6a798f95f5a64f2a2cdd5629d9934a4c9d26e42e4e487828c54b41dc0dd84e568b90c4bb13e01822da0582e6416aabbe4aa775fc287c3f8d57ab5c1d181dee301302fa93f115b3a6c184aba46be35cfeaecd1bbd56cf33ac91687ab5c8b6a40c8cee7db52694ef581f17648ff2e024256d5e1ec8cd674cc3e4ca80dd674e4d1697abba4b6d5a0fc5681ee53815efc5bf7bcc7451d358435b4081f876a1b3f5553382d319c846eafe6667685d19bd5b245ce5901ac3aa58fc3de42b1372e4b65af319705f81fbd05dd0bb3888a60398ad91adb3e87e29d1b9b9b39d4f793f3ed5ece88f275612b49003660ec1b83870e6510b39c999c7d734312d7fd8a7d1acc8602f387d9fb38d3efc7ff13890d95a3fc0834e176eb0d041af53d2e59050b259a21d14073b74bb1c3a46b5e8e58bec2a038913db9c515d2494cc7ee6aaa8b8beb65fead8d9305000dd3d69cf4b1008a04684f6021e74b3d6d21e7b0559600e938f53cde49507af73230426c388a752caf75e32a02b60ddf716c2d806f9948def9de1c227ccf4ff36ecbe93be966563102bc5e495f8d3c8463e59fbd6b9999399d4045d7d3ee15a0a68be91350f91a709f2ae0aadddc9c880e05eac5e0f8692d3990e5704c9301a8fb3c839ff31b3c6f721fb4ad00d697ab0c5158df78c6ab23fd71dc99b33a9ef62ebb06ea9f8f04b437903d8898426d9ebe293b5129b537ed1bbed9439907f337fee0f59026a8bf408f0f2470d2d1ba18b23bfcdf4bc596d58bad25a2e3600ebff786c498186772a3e83defdc295af548afbe2357e78093b054b224904e92f9c42c2aeacfe19d3cc89d958c33342bafe86a9da88f06eda5f8e2d2c6d0fa54065a03426d08421fd77ab9f7a6176d3853470d89c1aea984150507932491bb8e0ab8e58bace62c3f,e3610a29a5582e89dca5,2023-10-02 11:04:07.261117,2023-11-21 18:03:17.513041,2023-12-05 21:39:54.636005
fcdd1726-aca9-4419-a7eb-0881a1281645,6a2d3a78-507c-43ec-b33e-d506354d959c,image,992,956faf9b8d1db04e8e95daae22642520ef316946169ce4e507e71d904f1187ff7d19dd76618c4398b1d8d7b219f1478f1c933893e7aebcc8996436b9c541611099d8650fb50f14b1c30f1b0c84ecf4dc997955b36f4f8e02c1f7bb53bece82ac55055a95071f31cc513813d1a56491ff69ec8eafc7c4fb699a5002935a862b449c3f97a84477b445c13a4b772358dec529b4ad0ae729d8d6343c5a6c221d1f5c748190f5bfaa06ae2ed9e5a46c5d8e5503d63ae9cafa6585efa39f41e7973811028a9f01997aa01b856c5472af2a560afe12105a7850c1dc241a8b3d730f88bcb504e5331a6e7ba8fe7df089ce5fdcc18766ba9c3f869c95b7bc1d7718b50ecc894455f9f25e69dd7e3199954c4571aea20f3d9f33ea5867ce3842390a1a022efb7fd6ef60ff22337e920179ac3c4aaac16367865ced70c1e6cbeb466a2f5b15294dbf1eadfbdc5b65d3707bf03e75dd6cecab958deffc3963b199fa93279e7ad5f5c7771294a74adb0b3cd0fc31439b79863a7832a0f8c44bebcc47970ed6fdfb8d55e99f500c7b22268fd49e22d6a9cfb54ad648980c188f181eab14f9ecd446a8677783b7c9e748d4ce8ea01f349990e09ae1b245e6d5b3a4900cf9d1b2d2456b0b66de0ebdc6ec14c30d7d401a759bee35ba645ef0f57440010c9f9ec8b101ca69eb1bad2bf17d29d99418ef43846a8190ea621b357d4572d8daf11c4e29d01643ab3c88cdce4e247f5a2b924951f8be4aeb1779d61f61f3a4cd88dc920e9e81d0a3b7b11dae76c12a829703338a7a20d880bdc95a8654a5fcf708acc155e72c1a7ec3a920fe61d711a9f4e473c8699707f0a6d7d1e2e8ed2142344ea9f9629742cd4150291f980e202c82ce9f6a579f6036d3bc4edc7ffffcc4f45e80d9255cc6bd679a77c46e4a8d90b9d4fa280eb96d9c82fda2a2b8e3766e540900ee704ee3b62db26258f16138aa801dbf605e6d7232c9e1f5d5d9ba5c5509842cc28aba2249278b0ee27406cd863ff8d896fb0f30f5e4e79cd499b4ee556b8a470d1fe29749bf08cc7ac02ae2e5f24c1885156a730012112f4bf25cea0ab343d0a76233d2eb7251786800d88e64550446bbb1699ac27355626bce1d6e954b087f3505ef8723526504c57c930ddd1f459563a22907faf67dedeec080fd494d645eccecd9f3710dc76a77221df9039375f58df1b19f1281d951f451b9650e5d921c5bc47247ffc3658b7e124dc274a3d5fe479e0431092a626de2622b1540e9c058f4ed85d0879a4abba36c35ec74073faa61bce198ffec80df73d57b7af4e8e294a8888307c8b2122d0c1ea7eb4a8bd53284cd1afb9fb362dda3535caa79d28397ab3cf5dbf7962984bfdbc99bdb3c0f71c754badfe020b765f729c4b498a830b8a1,0c87e4c55f4f95113507,2023-11-02 03:57:47.442968,2023-12-17 07:07:00.880933,2023-12-27 04:20:00.188709
5b15cdd5-b2ed-4bd7-8ecd-580dd86e54c2,927cd856-d1c6-459b-b0c2-3755224fb234,image,749,3d0de446038ac767b05a7be0991c9cf2fd18236871747e0f7477b5c849f1ea6b97eaa19d61ee2900a7a6caaf6090d76b71f1986a66d07972914a9cd14df658596877fa8246f1cc859c2ddfa14fe771185a464b7927c3842d329e7f2f67a0674a0af896651a24fa2bde1f3a4dd96dcb840fb548f2543c610359eb6fd3ce1b3c24f8c2eb44d51e9e7be89d3f804e35f7e1e5aa32407afe40bb49e17b603b05add79ec363634ee9c9efd901cfbe1238f6ef8cdb7bfea9e8c0c103d0f75893aaf3f05bbd79539e6098ecd2247e65896f1f29790bfb366c9d7e7dd649a51d5a1abd5fc4fa6f24db93f12e8155747cc98786328766e58e3e7fc76e740c18195966c630e50af6f2748fc7eb3c3b9e69e5db29b952b29cd96cbd00b4a89345bdee8c083251883eb5815c46dfaf7e33c059147f179bd1da8f45734d841d83f2d00cb674e04feecd1f386191038fa587b535c83c6d48e05566b6bbedb895784df1083e8b1c2b46ab373d2c2f0464ed9975c9160a2483677a798bb5ffd4d566d43b62d23e49bec0c779b3c98ba55fbd5dac3352fd12f7cec55581fe855c809c0fcc30c53aaa47e25898b870e4d5094a2cf4375dc3958d97450da9632df6dbd4ed952ba6929099133be5a16a90acaf0200cf0c37161cd303855356681e2bb462d209b41dc5ae51a767b95fbad9e5268f14d4bcb55ae5e1938f3a9b83d579576bd4685ac4e3045c4cc6af3d57cda25b896c239af469101db96505b0aa72093f7b873da9b3f5da5bb9489257cc492e1ded164169140dd7499ae8661d3684d52a737237ca361410ea4725604a4f1f4c1ba4b694bd5e13152363da8d509ef01853e2d8ed292d8f75d24d5b3ecfb13d9d643eb57a46c284d3614b61e863c5ce788de2bb21b3d40427787f6887d73bd7e9bcbebc2dee795c7362522adcf463ebfcebfb002b14106748564e4de3b1ef66e42c385e915e42ecf902f8693f51e2ddb87cefa54c3d758dd17f0454c4bae2d9579d84f32327c67bd93138349bf36bc273688765f90475b037ba6db91d02745e788af16f3fec,0e05474e20209e41db6e,2023-12-30 10:44:55.641612,2023-12-31 00:13:29.701635,2023-12-31 03:58:07.370180
c619692f-d843-45c0-9646-8c7db9b7c011,29e80cb0-d05e-4039-adf0-34cc30678f1a,image,951,c9cc291a9e4295d08eb712f1f8c1cd76c3d5c9ca2de992b6ca39bf0258f2f2168bb1fe9a7c6b286e383b0d73ca85cbeb66d30a1872bcb0638c77bcb997e09581c1205349287fc439d76858a458a4b4898cb0dbe34c1b413765664c7304eef61c90a7d972a3d8ccf422eb39cff1459c522721a6c7793102d96085afc696f4bcab0bb3390a0aff4d830296015bae1ec4049cd7bfd1b68cd2c6e60348c7fdb85d1d894a8659c5c017b91611fb15eee7ea25bb0baacfb7429014c43d895aae5178cc95e4daec327aa6f566eef9cd24a70c98f3fee6b61d206e73f9ae038f7d6ae7a670574c63d4971d6547a0a76d8092eb39148988ce144334e10c8be044f16de23c5bd097733fd75bdd496a72837762b6aa620ad820823d5ae59909243e956e15905fe3d4b0ab43a6b21d85bcfe7f1d43191f0f0c4627917cb91b4e0ce9e43e8e098ffe109e8ed89c48310fe15a322b1176f9d23ff4042cc1e0ee99bdb032678774c8dd4acee8934844eb96fadb74d8426311be5da42e32fa248a37e6a5ced86f3f751c21fe5d00242b15d030a28b63711b973bec65f8895a53e40301befab57c09d33770ac576482b815b21bee3e0d8594bb67a188fa3fc4b129461164748c7f4314554e81fe0ba5b7cd84c309209e652e5733e0fb5c43cce1dacd2cd79f300e55ab2da62371423022c494b64063258a81c79d1070ec901ed42eca4a62fcfedde6fade50d14924521bf745f63ec86a0098e95ab789e3e0fdf804345ffec85193ec4f88a0a7bbab770c63961f2d16c99ba3487de8a1e920112ff608b69f22b68955b38c8b07e08ee4283d91c4edf65f02452e89e632c589dbe67d825dce5165e059e14355bb73c1ab1c7c5e2001dc507f8c0cd928fb33519c6cdad68fec8057e41d1744bdb1431ce36bc234cf4bdeeeef4afd548d982352d8279b0da01c0043d4477b2a834680a32dd90567b74c05ea672635eef5e182f15de619240ccd4292a360bb144a345d543d24af112dd0c5f471310c812302130924fdd62aa28a284a538ee1c11c4505aace766fc31c0c2ec394bb0cef28bb1e8715a9ebc6a6a720869c0e6ecbefca9a89a91d5d775f0e68e9ddc8d2f6bd70e1a2c65c10bf4313dd535cfd2be542aac26639ec2bb94971c9eb62d7b553cd99b05ab49ca78f7089efbbdf596d1d0e3cde41ad05f5a8da1d268b069fd497e3dd9365e013765796314b5550dbea51ff8f7d6ed6b795224ed8beafc4c109e28c4089400ae1191efe0661bcd8f9261fc9c1c26646842ddd63ad9c524701b006078336d9175828c9c099c3aa03de33d1d727e619a6ea165c5b4de5aa15001c2f23d920ee70,cfdd673ed8607f24dd42,2021-09-21 22:02:21.455406,2022-11-03 12:14:56.229502,2023-09-24 21:39:43.388025
4eff5b55-e9c2-4e56-94b1-a8930c50f70e,1dff06ad-c0fb-447c-9e43-38674998d62c,video,875,7cb7dc434d7fe007b016f8c382c7a6e6afb373b7eb17866fc79fbd5af5afbe8f9e8dbefe6b151e8d9a7c2523f42882ea6132fc7fd08e4aeb1b2f0c4a44cbc3c77478ed10703fe63ff279b159074219d116a5fcad1b6a8ccb98d13ad4eb36b5154d65f5a03de7679b6726d7ebb5fb2e38ae3c1a25864e278168820253d049d12df1298b25c362d01c64ec79a2a449d524074a902455d0cfa001c1d7b36eb8cb60b2189cb856dc5374f851ed69c7f9117fdfef125073940615a286761c10b9e7a4a6717f1db6282d6a5648665b3ab561b0afd1426370a142e8cb89d2f86b7e15571d7467448209fb2f18ea3a914881c65f54e8675f3653b93854d8016d4a7a5faa9b8b1df1067bc5bc9f95f379d4dbfcf85305e9b87cd97c0640663d9a77450377c4e10e88a9ddfc50376fa399f4a6c65eed42897fe258ff78c7ec60e1b3ae8fc0f2197877b627b4e64ddf7601bcdf6723943770bae66b0b6e66590acfbb185f63ca284d03c1c88394f2b2e67df6663ad6aefb2fb0682901b9e864193928b13e667e55aad9394c19ca101c4479acf6d28ce827a73c1aca6a14b20c27f30d5a9aed0ac96156a6f21d7650de4dbe4c7c627aac7aacb46fa55075d60c17f6295540ca816288c02262d372f4c71278b44c03751afef178cc3152ecbb3f1c87ba6f2c654203f3e49b0d7a37da78fdb18446e6f359577b078da680fe771662aa3e8142ca5136513562703fa1c0be39c4b3dbd93d6f97505604b3baf727c3be5c1a84ef38c191efa4de38ad6f90f20662308e16b0ee052c92cfbf0bb999bc73c571d8ff8eb37cec57507d19aa677c7725cc692f28f46b6387932c493979f4293257c8b72910c8e45ac8b323a266d5f44744372ce964fe560560bebca3ff2aa674fd367ba279f32d43c223edae93a69a1d728391719d0090399a14ca70584a57d438e7698d69ba78bf4cf0f7be6b3fc3640d92958e7ac12d1ab171ee9951377c66140f0f3f16043a1b37c813ec6bc45251fd26c00b1fa7f04c91cdca5ff315399496daaea933a2af83d631220ec03c2c2519a99309e9261858658a51f34f574787b1b0358d93f36a09618349ab8fcb5bc0e6116598db0845c8d16bcb0fcdaf43529b8b05601581d55fc6926eeddca7675722c9c6d637402110bcc2ff27b0f09b9476737fd932323d75deda741b3be372b5c388ca690653f9189d8048bb410547b96fcf334598dd0bff5b630064c83920,bb1dd4eee5e5d42b21b7,2023-11-17 13:37:13.214251,2023-12-18 23:00:45.543027,2023-12-28 23:30:49.948282
146b4569-8e33-492d-8901-a814809116bf,e0e17cf6-929b-4acd-ab8e-b1d3031704ba,video,128,8523b4321e30517becd7db741fa185188f05cfed7227b7589219cb822c7ce6d1c820a53a1911b2682c722d92a6bef49958a95e82ac76cd889e670037dee8c8b2b08d293fc93dd706e6957383e7e941393fb1b807b2cafa2c3fb4ac5e85a07cc16ecbc440d0a28e49369293cd1859a13b4a5f09eb3b61d8aae2fe96fd6e1bc6cb,038eb43857f68045ee2a,2023-12-29 04:33:15.171881,2023-12-31 09:27:54.143225,2023-12-31 21:38:03.963055
5b10aaf8-f5f9-4f85-9e3d-b8f286de7b2b,e6f11557-8391-4a4c-adc6-9e390c3784ca,image,601,c020edec6139913c64b319ee78fa7ff8b287fbbf1532820964c4d6df4ab3ac699cc9762fec08877d01cbe7ab391f2c6cb250ded552880830bfe1f3935aa71ea8f52e1c00abab2ada5d856041ffb99665b955b4e7ca3979606dba54fe90098b3f56f6808e47e8d85532af455f374731c33c9fa886b0442dc67e9753793813b28db9acb6b2f318f230f8dc53d4ebd3c58aa4c5a930f5b405b4e5e3ab04c66cc9ace18754e881c09a1b709636875ad6a82a3b6f7db7d3717456b3063e6fa4bc7586e09a62b3a18d3a526712f8d1db19a0ef732188aa701248a9fadd683fbaf58b54a66a5f48e21432a9cbd51ac62bbef882b76c7f6a6b7ecd91d5b8732e9623767905d9ceed8a469e069f46a3be9d7b1ee0c743273c549c05e3b3fd72893a9a337475cedbb743f9f6ba115a6f80501587bf1473075108bd5f8f7bbeee7dc94b673c5b58e6908b571a8257ecea63886f24d85aa27a4309cdcce43bf147a8b92aa711728d2072d8555fd771217d0aa754b89e5d98d8dc626bb71102c1bb4aab100f3142bb76fb6956a5d02d488391c704b6470c5ff6bd3fe59327d8c0fab45a10f2c67c57ff38049bd4b125a0bfb32e2d0233d2ab0d02454e2ddfe2a8db6a61948e1a0a6803ea393a0ad7f27a0399a8b95d0439613da8bfedf625ecd5394d348b15e6ff6b7d691cb5e93846e7520bd84835194a1266c6bcb4fcc3f867ec2aa4c96fec0d0eb3637e29deaa89e178739a42900893895eee8a2ac6236a265052bf09447c1a2cfac067fdacc3a305bc0d54776f5e27b7bdd8ace3dd2c163a7365a90cf654fb3402b0dc2707370f940550d965772f41eee63292fb38f7e2,c3dd0987b2f978816d77,2022-02-10 14:04:32.345784,2022-07-24 08:41:30.110113,2023-01-07 15:06:11.600598
38687820-22da-407a-93a6-3d5c77509fe8,8c6e96d6-a5a8-47b4-bc48-fe1fef38978d,image,928,6b58bbd8ff7d2f71da36a1f07f7e3ffe1c1baf9066aa20163d767f37c2bac46b0aa98e8e0003c02de58725d2bcf23bfcd0770ecbf7b4f2c865cf88a0cf822a36b5bf2419a72421fb0a716263854d7f49566dd2902e4f9d017938363ac9e9a5f31ed3bef2df0ae8bbf193f4f9a46965eb865106cd2afdca743759f4bbdfd7da483a99d84f8be1fac301264d7c4b41ad1758fce89ac44062c2c0e9f332a3d897ebe6fddf19238a987e0c9f35cc71901dd53894ebbcbbfb4fd0c9d567eb478e1ade95a1c4ec7cd6286e526cb19f12c9c5faa77f7d054c6835ff81c10382fa8eb93f6a40305e1423d8f9f1f754b4c32e943a05595b2d2abee3311b2f656e251a2f1b049a7a9a986a955c4d31e6bd0582b8d5a224a6ebd898d982f206de8d255b7dec40538d65b53877bf7b56d5a24f7a7da855e331315def36ba5b88e713d55ad6259efebd86c0d866ac5ede071de8484a85440870589b441401b016d66eb1be9feac8740ddc93c7bee7a75c6dd304dc02eeb1d4c1a1a6be0265ddd59e5a7f90c05cb8878a286917a5174886d1b0e1285ba20c3a9b965392849b8ae2934f56caac8dbed776a65bc813ee85bccc3ca54de509d50bd5483e16c16c3f3188733a2d5ca4ab4be2eb8c092500816a8d19844fdb4d7caed0bbf5a674a5708fd3b681f2887e59fb5e4b53d077c116221b13ef138f12144dc6308c2b98e8c44bc895e0896703f31b848db5f797aa2bc16b0c9fbfcfeccc7503ab3481889ba5b96ecc7c37ee0dee040e097ec76a59d5c9f015fdf06fac31d5442f62245a14281acd3bfa9da8460493784196361c45ea0fa798fee80de01b6213e7f15224318db2bba75f06dd268a1c7be61df7fbccf2e2739f5ad56e9be2d8eaaa7132f07bcb697dfcd5a97ecea265207405374b13cab91a6c437c62bd31ba9c3885064cb1372cab93366351017d42a959aa67ab3904a208857911f86a06e916fd484a6270b3f05e0fe6a49e81acb481d72f34483aaa5ffca6447e0e2b13e5b4512d466a785500f18cbe37c95812442b056892888115bf25dc6d4706f6cf51d06bfa59f9a347cb7be11780dce3d66da933bde0563cbea4765945060fb39eb110f83114ae82a7cb9ac4e66d53eac9c9a5098cd9ee66bb99631fbcdaa32cb1528d765ab4702f70b5fcc14b97bf5e083fa8eec866d87ec3c82d60e79a37e9755b6566c0d383d50e57fd7c62a6b3f1a035d43ad423cdc8b81d285d2b1d794d26555abf3de481cc6d2f5fa2cbfb0bf626aa97d951188913f6af3e2891f3644c321a6a26be0b932546f5eb1279f218c3,3e8b1728391bee84e1d9,2023-12-23 17:46:55.970457,2023-12-26 02:40:34.460714,2023-12-30 05:32:01.058914
e718497d-377f-4f0d-a037-f135bdb3abf8,c9745f76-06e3-483e-81ba-0899d78c831b,video,353,0f873931d5ab90445bbb0f6dca2995fa5b59d6690d20c96fe27541af96ace97d59aa5bf8bb06420e87f28c45912febe2fffca161ccabb1e5be0b13165ec438a6c270bced7174352bbff4512da56aba97f088da4a4033c11b9f7b8b5490a519348fa35fadd216182e729146be3c9c6871bef16b33d295addd813cad94cc1d007f34c1ba5f00f81cd7df20d9eae5907c9348cfbc40a409b287d3b57a088f48d4e6976df76fd0cccdaf4e0a45a6fdc3065eb0db73c28161d9d31957818e7124745bcf28b3da0278c03bba61abc48a342c5ab4dcdb43f3331f6fe8a2db110eccf2d3bdbeda583e205a482fac92a12a0ea47eeaa477e16c1bd074d99d0aa1c0a6307637bb00bc27cd0add07f033e04425149a2e1d39e84ef04c45cf950ab9e46bc41723bb115f9ab7de1cb99d6cab9dd4aa688fc446a96a65354b70a131c2f32428173ccbb376c2cc901128e6f97d741b0e2609e26207f6ab4481a126073ab1c90c4f81,48024007a4ed48913400,2023-06-28 12:15:05.707912,2023-09-10 03:53:14.492915,2023-11-01 23:01:02.428981
d282739f-7ef8-4dc1-9e3b-577dc35ec72b,0ea186f3-4ff8-4ff8-a28e-d29f09b4c05e,image,227,dacc528fc0ba3b3e412e468fbe5253f9f41b9384f76511a17688d2e52afd550d636a0bc2b2dcaf8701d6956f87ad1cd777b35a1490cabb9f8c80a4fb3ed5733301ff4c9e00f5358d7775fa8ae9840fb77ba89ca321bdde7d1911a2f45383f5d76310e6844caacfdd3f41155345e429d7583c402c5e2c34834c857441483fe860a737961bd7dbb9d8dbc6f8df3aa44c690a613df1f291e0b7806bb4e9a8029e335ecbf9594f64a14c85a1d51bfcd14fce72c40a29e66db5fdc147465c1079acc4fc5a13bf924b4189733ad55744b2d48c9b8a30cf9fb61c5c7b2538ac3ca40be1a83c1c,785cc54fda4ca801c604,2023-09-25 22:54:45.440080,2023-11-25 17:25:21.264506,2023-12-25 00:53:40.113100
a980c847-77bc-49a3-83e1-f5d92120ba21,6e5581c8-d228-48ee-ae6d-a57d2bd16034,video,512,73791e345875d3c09d1a1e392eddf7d5c68ea0a7af8fe425e95d1c511cba669b3544bcb3781285263d0a135ad4e0bbd9317e549a9ffb61f2bda79e495c181f2488d7e74ecce1c494d3f1d4a0778fd313488faa64ed15703965b70593ed42de41761e5de1a5dfa13b1102b125aff08bfe73527f81ef0ab856aacd5c954c1555d49edb6bd6f15d2012d3b4d2e5176202d4fe095921d6c98f8114ad25450b9589ba1f71ebf49ca2afba8f63fe1662bad75378be011e8fe8956e0a41c7e7bf7431b40fbf9604cadbf66b9adb768b5e3ad724b4dfefc508885a948912ecb08f6b421d3d623008eff711c60416c5b840afb135e33107c4e21d12e6af10abd97b0eab695b7cc7127c833e0a3f3f43bbbc95030b608ffeeaec01f4cf28557910cdc6fdd339f4cfabe93aa61f5f756f2b74fde1d33e201d628ae923cc1e16468dbbd75ab312f109d8e4610f7be0d14c495d935c34004200d62ae13b38fce8a85f99945c32cfdd4ebcab71b4a7ad3cbb52a0f585ca827cdfb2488b8b01c8c02a0bd888db0786ca8d3775e685eef7108b24c3d907c8e89844a385de9b582416897794c117daaf84d650ccfaeffc8553c1421875fe124b05a60a19bb5bc587a3910623761cb26b764e384ef280c641d6616b4ca3d596cde8c3f3505f6746e5d0f2d4c55cac6625cb5a334f0fb52116bea4b89efc1ebe5199f704a7b86756efa03597fb505c90,33a8eeb3e53764449e28,2023-03-23 03:52:08.637354,2023-06-15 03:29:23.812063,2023-10-03 01:35:37.648683
1f95b9e3-e814-4600-9d65-974673954c66,e28e6329-97c6-4dfa-982f-30f9ab10fc20,video,458,359d9ad5c642628b67bb374d9b5aa41a7e381e802da4d4927f2680391bc609661f39b1a911ee43d02e40b6cad09c6cdb45fe33eafe49cfd5659d00071060468e550e4d99d3df5f5aece6b6272c002c2c03fa1667c139d74b5fe47daaa4a7d0669d071d690eef4660afdf7719cb1da30a649925486738b62791841f1f8e42fe4b629906336f54f57410ee32977622ce5ce66d06236858f8c0524bb3415ee32c359627f8d631485a4cc74f85e16bb4dfea3d6c44b044a23dec83df944c9664b8bc5eb0ab2b6dee23fcb22bb7eadfafafc78f1a6dbc4e35dc79d6aed4d7db23c057238b62532cb645f3e1ed9c69b28b535def10b40540d5c57718eec49803b7fc5378f2bbca70aed67460b54443c63528fb5061a9a7e91a3ff105b6d59baea5b0e43e5d3503d3102b333f81c01a0e14667979df162fff2a15953d3dd4f0a841b48cc78d6f14bd14064603547b1342e094d4d5edbe53c168b009ce42353e00e06c1b47cf378bbb610b3a011a5dd42b4c5aff706d452fba8055b93ae6d51a87ac2778bc85ed2f88a20ae82e9f4444acde14d473edbb87d00f63e7b5cf41359977e5d33c4cb8135c025f9ec3b1abe7b387a656115f3cb95f5a0603f2a4a7df857523b3b2da89c9a1424450dd2f,3507b4d4d9df87186e3f,2022-08-16 09:15:37.554462,2022-11-30 00:19:14.070162,2023-08-15 03:12:08.539987
ecefe065-ff31-4d54-b845-2a821633fbe7,9a8141e0-f81c-4112-8137-00cefc9e451d,image,584,3808b42b435ab10531af54c3172fe7a5237d405cc6997bafe76c1d089258ebaa1240fa161a5f85294011cc5c4e4b6c2cb51c3007f3aff50c0c8f963d9b2d490a48086ddac82900ace8e21ca88faf5c968f276763ba0c164da11f7f0c4c116a9de03e4227ce64ac8d622b225becc942d8a52c75a4f14c633ddbbec3cc28a792a375cd64f115c11fa03ae32b99d5f28345ddb23a843c5ded8702ed7408dc0f23cb3f546fe2fe2e16349689fc6363e909005b3d7a27cc35bc18bb24517f7cae8cd4f27af4b185dcf586809a5ebcbe27554dff0e7b6e264b4f4f09c2027757b217c7ddbe495024eb83c193558d10b68cbefbb65a99384c24f20532b5a2c940eb04f8baf6ed90dc75a8ef8901bbcc1984b7d31811e84ac2e13ef3a6cf5e57b3109216365b142c5a43438643ee824141de7870ff5968c39089333f5e1daebf7b49d871d3f0c70a77c4e264520bfb11485b86a2313c5429092addb691279bfcc33ec5c31d0f49ef33379466f6da9c5b0b8ccb52b803f9a8cfcf8838221f92e39cf2c902cf27913222140bf41a05c0df3e651ed8021dfebfb3cd4c4af39c83effbd5c2cdb47a05dcf16545d15e2c760733ca781d8640a8a92228f148f02eea06dfb447da1f0965982be2ddd416b7aada4f1ff325d8b91cee75d328d137997a3a92dc03010685ba997e7c50949500f50eae61a7d7131660d5df4fce28d3f2936792dbc5f1fefb4f2cb933b96628d1b5d02c656cbf7d11d0fb377a0cefeaca9891476020509e6885c570fc59c3f4f8f29e5915f50568db8d6d040367214948c49c9de8e315f4c79be46dec09a1,2efe7397505e74f29caa,2023-02-10 14:24:09.430794,2023-05-17 05:42:37.764134,2023-06-27 09:29:54.150770
893268ed-0e72-473a-9627-d52f1aac59ce,409dc63b-f329-4b5e-8402-79931128322d,image,740,f1f81a9fc551939b897dea42556a0350e74eb4970ab6ce30ee7d2fbfd9266ec662e8416abfb5df06f69abec97989a0e9ff098b3f604bdc6dab730841386b89b73080d1b0605fa19bf37e0d9cbd49bcb79d21cc7e94b8f0535933351803126193e8cc2946299198368e547a7a5d9cf2816081b5e3aad3e2630e15f9c5ab2cf5d67282469388c23761b924c6a007ca8ee0e542051c3835e2ff52d200ed69ec110281946d4653f191cd3b285747590e9529f4b977d2c5099bd145592c2606d00250aedabc9eaf23f8b57eb9062ad5bc7fc6bda9061a0435d23a0e19939ffe712dcef8a7e3105fae17b2524cc0f3c17a9f3cd0ad086853842220c0d9a978960cdcda734fcf4a2bb61d57cb49136b7ab6839d62335bdeb45e1f4a9e7bc442b114135648e748aa60465c8a0dd623d3d4cf8c1bc9ea31735b51c6f7eb664b476ce305d2d52c0315cd136d9bdd6c60c12691c4a2a05c92ce810c3ec689e3881d471fb8a2167355d55f2ac79104c10b9a4c5f3354197d0619bb54ecb6ccffd6941c74031439dc563a8995efd7a7d8a22c0c5c609ddd505f3eb732ed091931026be8c1ed4861915010a2d9ab06ac8299577e98f5190f2883621145f019202a0c884d282603678af19f42aeb0efd9b5a1c881cb3dbbbf0838a74d04ff7fa395d7561600b799280c783587126c9b1c5194f3358ec3a4bd442e3bb90df1883df92c50924f2c82de187a9e749b1fc30cbe8ce580573a77713bba1aa45fc626b02eba75c8d43a9366c09aa38575f6251930fe27f8e1447df8957b916fee1cb729bd6d7ab62d5b0f60b4519425367e71e424c9662e1e843447d0133d4b4771c5b30a6e930d9c7a708992089e95ef7cf92c924c8ec73ac202f9d0efdc43251778d63c7b04a5938c41bbd6fc18cfe740fdb2f8c92c22f66b979671fe4272146a4e0999fae0250b39cc9d018871d180c0322670c66b79e9d81c597ad351cd927f5a2d6df2a6edbcdb2af2f4e5eba495c82d79c8d195c95d6558d186dc64720c31111f9adde60996b4e310b2865a,92cd02420ed8c901fa03,2023-12-10 15:27:01.468466,2023-12-25 21:10:16.027052,2023-12-28 23:45:39.360725
20abec5e-b097-4c7c-9222-3fe8f8e4d286,5026d31c-6d8a-4608-bd5a-b0bdd4b11501,video,745,50a88e349599c763c816f5a155e651afa7be43181503d21efd587dc4f08a5c89c23c7a5d761dca5131c49a4be9696258db938af0282e2c8434f623b1f5d33e49598ae62fb30943c2400c144f6f609ce56576bdcdb59b7db118d6972248af8fb7991051f66f8832c79e42b2fb6329afabc86c893180a9e024080bc7b19235250f2cc17783c64cf926f369c5d02df567490f6bbc0370fbf35a184f5abb62266f94f3191c062273f0028f014f44c0a9ebbaa45e0191cc179371dad0b14142c3b0f8697ad0a52d3751daa456b2c5e3dccbc34607882c238f63172a4d595419178bf4f2d50acd44284cd497262f5e3a774fa7b7077446535ce344351cf282aab0c7b7e953e90d617b85f77d83cee8ff4d8475ba4f07c3c6a15c249532b21d0a940e59777d488b303ff0c7b02e8ef9c188c1a58cbfb0e4b61849e93e7132d7d3cb6f024a38411a10b5c1315f18772523f8250d1cb09c8f27b39e8a1bb88249b33b9f1a7ffba639ccd90c5c768613e95f123dd533f2ef8c55addd13f1250d9b70796b25657907eb926e449d3fa6109c5480ca531cd84c46ed6c28b15a164f98f26ed49aaa9dfedc879544dd80b2591e2e05edaceb65756c0cd96a5563aa025a9e3c6fbeddba82f62d56e68ee35fe6ea39da67725da515179736409823e8fee9ec85c4bbe7bb5f0ba0029304824478d28f448a26f9493709edb7d968a17dd695cb0cb4e8d6a2b5dc545c6aabd00ab32648d51d4625bb564da0100f3b52044b26ac25cc53cafae1966aab01ebc647c63f9e63ce6754deaa647aed67aa6c7576044a0c381e9c59c41149e8674d6a01f785c155dd24dfbf074358c4f42a21e1201c304b2664e2a7cf4f621ed64be75f6f956b0bc8addeb7574f9f264f87af0d9490d655406d38b82e2e5980c2c4cc6f35228a48ab7307df4b32f023c2db9a039479671d2abc2241b4db7ede96277e476000d28c8e3c9b3bf0669ccee2bb5fc5d1e8f88b0bf23c22e755da025e4c05bc20955b9a3c89b450724490a7e2db0443ecffd05210895b4e60200f205fb90e,b480b5bb20d081bdb422,2023-12-24 07:30:22.322185,2023-12-27 07:34:17.168479,2023-12-30 05:15:10.179883
38321f15-f971-462c-aee3-2cff4882f554,72518f8d-288a-4845-b285-4664fc391538,video,900,958edfcc3bfd84aebcac234ce1daa5ae461a854b2822932df3541603258a0f6c3143e28d202a6ae02678082e189699d8f0f037761c97fd34fbb21e588f282e6faf7f8ea28df17cd79997a2a3446d75d9643bcd3ec839d5ee6e33737a1c648749c53bfbfa3c366d744c7aea8c72408e8d52eae6baf1f1ee40d8dc2e8a7bea50cfed9a63efb7e8489e12ab65b830615e0da9fe3dccb407d2ba03e7e4d98ee0f1d63a59523bdbac72dea6b142402f3e0e31949ca768a35e7ede6e0a531dd3491634cc3bd84ba4f3288df1481b6d876f7901d74f6ac0236ebd26a73243323d3a87490ba23dc4dd93edd6d5708e4ddb93d39afe9507dcf155ce468acb8e6b415f08665259a79c0a9c3bafbc686b13187c48aeda93bc18cf1d80b81b3aa269eb022a6435c07ff7cdf6e974a692b7bdd47426479833fc0600e2160267070303e6e51d4afd7eb4b14044181cf753f72b6193a71b46111d23232610b2148099175b45d1cee46ff45bf5410eec57dce6d033c455cd959bfa636ac35f9f74fa11dbe4af53fad568789599caf1d3d81fbf89d8f0e12b0ed91d2a4b9ad55c86102831b22c0564a00786bcae34a6b4381047b5a5416988fc55e0455242a50c1d47ee92e212a3636a01b3d2af2c4132f3d41eda2e28f7f19574b5385aee00227e33d389630318957b9dcd402550b8db251142c8d5698cca7deddf89e90d6e9d5759dca65a731ffe6a89cdeaa97db73b1c0362fd5dc4616733c106ad64839222c29c27335850a16daddddd777543a4cbefa6943894ac2f5b1b7c6deeff8234db4a15c7b037e624ac4734a79b2bf1eb6a16949358598377d98d1b7f78361ce315040dda818113b75019acf1ebc1cae960074a66c1843e72308aa3d9029aa21460871b056869ba0fc28c210739cbfdc1e9856c44f94ee82d18eb6bcff31085ec7d6d1461d27dbca2397a2c90751da5887de021a37ed1c6a01c5545a50c46fd9caf7aaeb9c73cef302317ac7b17a500bd036c0c77c5b08ec2b0d2e2a4e7f956b715fc52c4cc1777aad98c51db896e93c294cf19151792a4352c83cae7fce92fc356d432e8d00b35cddd427f1d099c2484a201851027b99aaf2406e806515b962957665e503524c997cdf142ebfcb261d65c732cecd1f8bd1b6666b756894b32ab87a35e0ce94d53cf090e439e1208d994ba8575cf122ad7b135057fc809be580612398adb4d18de09501d896ce51e6a4d7b50293029396dbd24f3d8f03784bb4282f3b486c86de1ed860b93596c,65cc555c08a6f6b30d5c,2023-12-24 05:49:55.405481,2023-12-27 00:25:16.614856,2023-12-28 19:57:23.087993
b80c32fc-f249-41d9-b1a3-8125630f1d58,5d32df11-21e4-4785-9b4d-6e95c3e6777c,video,739,ff5a240e43ed6bef9221777a56a18a216c06ad2aadc5cc72fb1cc7e28a791367a2250f5ac2bdf194696ae2c6b374401b2b1ed8a5cb858b4f46bf25986f781470bb3864ceb8aacf5ca795ede34158c741e111efbbfd232e97fecfd442f5d145370b379ad1227b6d912f0d4891bd4627df43fe357ede64d0894325a11c9bc18079b2957d5a5d491428f4e8ea009b6ff9c2fdd644ee4034beb7703bec5d72c885e29dc07fe1371cdf7de521bd89be8bfe2445a8f5d618acc7b68bbef76a9097e80e8bba39a340c4f66321c6d17ca55da67ff3c30e0885aef149a83c5297788d368e02c6538e75eeabd994142e2e11f9dd31250da58ad161aaaaaf4644e8d8e0aef90f5bf1e523b0bcecf209ca648f22726fb6241baa78a85c5a21656890ed826538cc19108fd4feaf76a657af928553855e20840faea20197e2d0eb15dc6ce3eb3a1881b51afbe49f96ddab690f7f66534790830af490de97eb641a153daed9f3e6afff14ffd4459dbf0421b62c6cd012b2be997faa5df317e26f26267ddb59fc236e84af39ae232dcb346af2d9205eaf1092c39823326cc169a9aea44706552f82929983fd7fced183715ef82a014d09a3c68337996e445b5e15154361d6ce950f77845091d8693c4900df276412c4c8320686ec4a59ed3a01958b0bc478f8b4445c1b9bd0f8973c9799d371f1e5997631f3c556af22aa27928263e3617ab4d099414d42e9ac238cab4033c797c79338232cab87c4679d98db61ae600f90b0f25f0bca169a5e53b1774e2f27b127acb0c2eeaab9e27bd2f39891bfaaeedd5350ae44e281d84bf626ef9a7f015e724e11e58e122f051e439960e268b3af8be8616324a1d1057d1261374f28e8004f00e9cb5f22ce75fba2f368372eaa2049bd3c66a82ec2504b163c919f049972f0171c751b7f462e923d99df93bda650a4a0d2af61e79a5c7f2e5b7df7441c4de7a09194ab3944280e14838d30798a9a356b7fb3069f3e0a3e06351222cd29f4f2e7a2e6bb9a9d90846a59b0cc9ab1ac99dc50cb5635d8,2dac13ba819ab1f97346,2023-10-09 18:28:58.707555,2023-11-10 22:39:15.793338,2023-12-03 11:30:18.708346
bcfdf4bd-84d3-4f7e-a49a-31773835e54f,624af931-1752-45d3-b199-3dbed3416ff1,image,688,3f6d697b357bd140ddcee6052f68bdfbb7501c9d6d6461ddc03190cd5750b105d7698287a9b493c6f5037b15e4fbc6d1910b50f78bde5e0623ff078fe016ae65c127ebf1a2f4aabc5ee78bcfa4c4a251a0f43c59f517fa666af9df7b434138c6f96d49cab046d48fb2c443a2aa7f34344867f802431642ae4f326e69dfd2937780e64c5210784b2302c3dc516e0a21935a0c49ffc5c8884be4bb8093f80bafb77c2f64f3af7e0041b3cca26944870fc7dc58d82c7762b24bda68a21086b549d8e2c1e4b7cbf45d773e5c9b5b426dc43d37370e4c0618ab050d0a1ebf17f5bb5d465d47dcc2b1378a23719a04d4ef08322e9a964e6a320a22be3c7a1f54297080e04639aa09e3c3a446b0f50c247069f070d77c0db643222c9b9d7bb53c84f0688ef9a1cadb3a7be51cebffe907da2c4a8ea2d8804185cf6da6847e08996e14ed377d77e099a427a7c35251c44a92d05a2a47be88eea5660d798c7b111bf28e118694e670d0b4fdea719dec2cb9a9d7c604b1585efeeb25633cecaed04e7a6ac8d38c16ed39603fe91e2d4551bd8b2949f5aed0d3087b240a6d79fd2c111e19bc875b468cd584dca29739d14a4420837c5bca563930766a7e26100f027567178b66c98cefe7b3c54bb282a397d4c573cef1ef406d38f1fe3a04aee959a60ee468a66bb6f5c5965fd2823964ae3bc0c8106e4986334be92ceb845e0eed61a3529c766fa702641dd068f483e39f3b1c43d11a711c4897131db9f9562d5767e0025899cf9c358ae3a9b596905b2fd9a24807244d9737575119c425b6d524c00f9ed176c5e242db0edca52e8fa92a4b57bfb01c5c639aa0c4c9572bd01092280da37725e5c1a0690f1292d1e6570029b84fea7f1f85e6aa10c33d4b6d4e26a306711f9e1870f2162917dcfd0868e9f3f30bea7f4516b70fb63a206ba2db5ec871f40f3824a57e211c57994aa16d6e502fa99d,18adea8a305b315e8b3f,2023-12-19 04:11:39.039904,2023-12-20 14:55:31.402453,2023-12-26 00:24:32.294361
4b7d30f7-1843-4462-94fa-3a5d766e68d1,ec683f71-8784-4ac9-b45c-5012c4fe1a25,image,319,bd769af8d8dfcef889180e8f51ff7ed473fa399f68261aeee1feb34c4e860563a099665d68efc6cb011e11e6c9feffdd8a2825cae804eb071f2dddd1afea01f33452361731da16f17993bfd25b683bbfea537e56d4cc36bf39219a0c814d395971a8d5684295215ac7e633c2b0bfb550890bf54b15dd9acdea3bd39062d4dcd2918013a22708c284f5ef8f35c5af0b916f1b7309627b3b959755301810e2c677b71333df117ac4d64f6ba157df468d6f4d5a1486e5e9c6b1bb5e17cc3c1068053a5221ae1ce2f889247ee2756b71064ead44ad9553cd1a40a059705e66c19f4afd041f18747675b0248fda06c00849ca54b237d3f2a1dda200fa2c034d04e7f3e8cd5c3db0c3c599f1d84cb276aeddecb3f72815ba36be9c2e8ee77f586670f8dcb1ea73573f6784431f251f2399e698e3d77f316978da36c8a4c6035ad580,e3a933a60097ae798422,2023-11-24 01:40:04.659250,2023-12-19 07:42:51.245768,2023-12-22 21:26:26.517438
364ec6f1-13e5-4329-8a8c-f4eccdec25ab,489b5aa7-c010-4981-b41f-181c8a0b25a0,image,524,73e82fad695b475c6628029ffae2891b2b3cbf0bae3631a0bfd32d8f206f3d63463f2d81461381a91bb6e43d9a3a3327bd927b088e3b9a1c7f30542a80eef983c1812f40ddfb96c34d076c1f288216081e2104eaf32a9279dcfcf3aea9b5f2cc2ce09e2113e86cd34f482227f22c555c073ac025f71f23123bf6b48ebd5fc8fd6999c7fe3052f97b8dc0743b339825fa93608e12c82d8fb43167aabc9335cf31680b72def70aaa3423cf1dfce19a8f324494b03d653dfb971e8b3b1341558d5146bbb13c15e8b9c1ba7cfceabccd7777fb53b230d8dcb9c637030d8e69769f6fe134659be84ed8704fafe45c89cfb03ae27f5bd9c43e86d713441bf80ba878a2432816f87c317c99080471c9468764d3ee3938ea64ba4be643de1e65d581caa101596571aa8747e3503bce6ec17ff195e614b82fd78ee16a71a590d6a4bf0d2611c88907a3d12d23d9e00a302bb1bca892978e0912e7a0b102c5396f89de013351311b634009de172a0ead6ea3b808dadb5914af2497a5d2911601a1ced6c47e0a502fa008ca49f9e075f38effa65344658e168a0171ae2df242a42729a4aeb1172dd80201a01587b1baa0f7740df6bfe24e86627a9cfe3060c56027c3c640a22a294f51046bd06e154a3bb17016bf83142c77ac0e5e28bb61b4491f8c5917cb42710d519ca22958e40d2f004df7511d7ee494d3717444a335514cdcfd671d7ddd31a0362011ce2d77b40d63,c209a7bb053163c2db86,2023-01-03 10:46:17.699558,2023-07-02 22:28:11.752955,2023-10-27 23:31:52.369142
a467b2e6-f015-4821-99b2-c3ffe4687a65,85944e85-4887-4e89-ac84-a381904c6955,image,828,7438b9c17c22e93ecab2ec4b6792fed3143ae0b198f477a8dd74f45cad5d7d24bc2f1aaf04f883a794a5c83baae684c4e12e8b65786fef367da6ddfe7313e38c244164250bfe032eb2e14283d5a391ac6d52dbf2613f7e6e0d630e82b0098e2af57abc856196b7cff690695a6aa303ee67e61b91c24863648633b0194ad7f2f85d87a713bb11de7b991e4588b91b3bf65d3684fb00cc2fdde96f3e92b8acee7748436dfd0fb02f75c844137ba9ca83d9784c7d255153ac3c47d6c09841056e867e3a1424e1761464ae360d62ae83d62cc5ecdb3af5d1a5a1da72fb615b432a837a25e7760358992394a9ead60ff7756a35133c136e74ad86fd298d49e75e9cd5e3189f87a3ff8760b2d7205a2406ab9c65e88c9cd13e6b398408245acfd9dea344f424e422be6babae6f1f4cfea1508d99930d4b91b4735363a2421a191bf26071f147cdc24ea4aa80fdaedc2924f03ad3488dc6065ed6eee3c25b85aea133158d65defdd090883facecdad80e5ee863c3be09366c939642e50afdc5673603adc7b79a89123d43601f8c0b79493d98c182c9bf4607997c6114e7271ccfb1692bdcd9a684994720da50f94af10bfad6c24692c7f6b2a522253db77c32e7c43de628aaf41daa1dff62308295bb8553ff84a7a8330880202eb832aa4c553ea53ee7003739de0c28c046430f58f7f7316605214720b8afc89bfa467b341079896243330ef6142749945ff4e537b0ec4d106256d942b3af5fc0e8cd9e67d0fb44f1c522c69815cba4d95562d25e37c1a915fbdbf6f06ced1d1426e2e0942320e1849724b378e290b5880263df3f24edefdda6b22b8353d1653e3ae94a40706c8903e5e418d10d1ff272f8314f76762041aa44c8b493f76b1a78af18710602c2befc736ea2e700f179b423dc423148c8330795bed4ed713fac8e1bb4ee25aa751552c1b8a3a1e733e707a13c650944c0b6dc18775c1733becc9b3c9a1e3b3136d95d46f626c945a6d30d3578c3717ae6556cd0a33b40610b8c72cd6a547280a23c1b3f6fcd0098c2d741c2965b8b55a16801a8d2c58953f188c1a6401d3c5dbf8c0211415c9a81fd431ebc88040f1cf07131147658111acde47bb7860d3722b9eca3adf36631c07b5ebc342848d88de729067276aa412c8910b5561b06cf6e,d721d4452e08caec345b,2023-09-07 04:26:05.019446,2023-09-21 12:24:43.393511,2023-10-18 07:37:07.766911
35edb61a-8b22-47e7-b902-7d6ceb4d51a2,33d0d513-494a-45ee-a3b5-656a39e557b3,image,940,0e51d025f44c7aff020f6b546be0d2731814ec74365e332ff4f807cae64538cdd53140f71f1f00908507592e306187a04e6115abb2f8782c1246ff7fcc88794e2465e0155ded666a1b80ad9e27f7f6d040da3a13c917e73f50ba3c43a089f542331ea0ef58941163b4e7975b15527eafa8c0d60b537788dbec052ef4d648e41bfb658df8fd4edc643f198efe45727694703ddeb4d8e076b2c8d840c5916e4e16ecbcbfc3f773974932051248995b03ed1597cdeafe0a29cfc47e6a6bb0e724ab914060f0822d3c71c32a64f27301fbf389107d5a7e1c62b90d1d85437baa2983cdce15eb38952b7fc99eb8b1f3aa65240afaad59dedec39f12c181433a3ce908e1d1661413a96269af2e26bfc0b26444bcbcef740d55b9a145a5a16b5ff8a6f2148c30d23cd25a6643f4cecb28b961439fcd8bef4d6601e4a80154eb5e5a88d0675fccf2ca7da5cc6f4c28e628e0d1aad114996f2cf4646bf8751d83c345a044dbe7645bea421e8cf76533f5d34e8f322ece00cc7a98cebbd6b1771ce5902ed96490b3e5ac4d1b40f300203a714d59c1d3b51ebbc19f730e3feb9142ac625d8b15b1c4c611f0390ce3b75dde0198a70366f8e9035cae2de4bedf833ac9e28f26b85328387f368d2ab0dad9743f1318cc6bb3e01d238acb5891c88a915db630359e7db502bf9ae1cfa685ac03974a7d35547fe79d2a5232f6e1ddfbe19f35e223b6955b93513c6c7cb28bb341d0afa0ee2f372f71edb79914277df3d7f2dd4b86452b53f4d278e2e13e7ec29dd454acd1d7144ab585b1445d36538482fc7160d314c05d7ef415330e1e8d420e174e9478351465e9e27b3eb6a4e3214886b74500f0db75da1be9f16cc819afc82b45d88bf936614fc230916a04d2a1e84eb58211bf69251f3f084c462531fa21dc54483b93abadf01b0e584af1ffa8fb0fb00d70827929ac9ab4b49648b900112053301c453b018b6750ec88dbd68078416105df2c8d8efd3780eea5489a9d78e0b7ae1396e54cf8a3ad6be9cccc1d45932d5340927fb49f1039a5b06d1187fad24a0ffb409293addd9a5d1d670e8775b80b09979485e3a5db7a03560e9f8d4bdee3ca9c837be8da73e5a22781e99a7c0ab0f16c85b8e0c22daf2aa904a9adeca828199a06401c47d95dbcae7f946c783b53bf5a5728c0f00a816c30818f21b5f15b266d089c502178276729d22978b5b21b5f9292f3be737a5a5d51d9087d7bced1bd873b1661736175d52ae9140a6cb3380b2721587afae174571d160e612380feb18a9ef7edb7ceca57f5632e45c7d40bd835478afba2dea791047e08b624,d88df9607e7e6b1f43f1,2023-04-11 13:24:04.800677,2023-07-14 00:39:52.685323,2023-08-29 02:44:26.145379
aeebf898-ac0f-4152-bafa-57a6f5ededf3,0e208b0c-55b4-4ea3-b47c-e76dbca9f2f3,image,690,0f63cd41b094db12880e8205fd7d49bcf9043f7eb36f26aa77d59df0b2d20456b824e6f9b21cd75bf468720ca3cb0fa504eb1cdc77f85ae78fda8f9a7a49962a5d5931731235b4f5d14e166b6810fcd3ad8d2bfa08c621337354ae11ef40a59be10f11ad11c0fa293aaa288cf972964d57336c0ae7b53d30edec870c69d616a2f7c0f2ce25a9ba2d4ce505b58fbadf1612056a11b2a33afed39c319363c7163a49fd01254a718208dd8106f619ec7883a3dfdd7cb5d3b8a3ef36eaabdede1733e64c21dd26cc7bec3e6459dbe767d600dd464010ffe5357ff115428ed4bc14b18833a419173f8d68fb13a3fb70dc46c208093f3fd4287763fdfce30e69737325cf9f694e3d973a53590a54e6e0c99e0086de06f96b967cf3732d906d95666bc706722c3721a398288ea95392a7fdcfcc2c16359f4cd2890f591d2db11a43c008aa3123249ce2d0403915e22ae373f314128d2745f6e6bc2f8c7d642302310ec4a61bb449bd334f7fd21e05408744fdad1a1cd710a3e40e33f0eac897fb9c0cc181779979eb98886f8f9acb2be776e801957b6243a602485dc1f8d73b5fdea9bde4a7c4b341b24c5a963fe8ae576510af7b88669431c5f2a719e4b6ad7e74301b98ad0f910aacb75e7ab1bbcaea438b403099f0cc2d7d18147461ff3a4984105025b8c82777a7bb3abb38edbb1f2914c029b2b508d7733165b4606714ca72054d34562ad1a925d1d9620805f3ed1379381911034b8224a3eeb0773800df5736fb59d081168f27342b20e6e5c47a5a9b9a0545b2dffed9f0ebf3427a29bc56e6d01a27980d1ae423f173f1f7892d7571d2986e7e8ca2a3f2ef05dd6ce2472ab572367525d4988f1df72bcad73d62baa1cc15ea6a873f207c0c4f4b7515c1b40c99336a21e658460dfa2c6268ce0a08d9ca4ad257a729df90c38bc95eed1463ee9f0767912fb9e63850281a6e2228d3f55e5e81,932acbef5a31f6e7ad0c,2023-10-10 00:11:34.859055,2023-12-18 01:39:08.250286,2023-12-20 10:30:29.411743
e88aabae-9d4f-4919-a167-142aa62cd64b,465977c4-606b-42ec-b9d8-ef00397e0ed4,image,481,82d251b6d0306b8c1cb3104658fb8d91c4a18b1dae096c71f5f223a98c9013f0521041dfebd8c18bc462165912b69279234ee1eb3b94e6ac47bb061b9e3a91118019ef91378c37eb47076ecb6a2c0840ffef0fd63f99176955592fa3f724091cfe5911ab8580b3b1392677e6808d6fe63c430309c3ce2cb015420603b7473d8a2e92dc4f30b16522b6bf19dd1995747a59b6a2265d0f618d08c31b251bde8da3b14f25072a6f2ea5f7d3b7f4441cfcac54723e189d0d63aae1da97e42642d986162fa2c83339f5633c39bcee3e4adb68bb75f25584deaffb68a5df71265e38570dabef1fe0d2313af4bbb33202aa3c61b22ef00f1faaa751640e0893fe421ac9da75fb18587b01722a986d7cd14ecab5695fe8abbff49b55ae9a9dcbbae588e5b28a5ba317bffd320bb4de4c66fe67afcfbc12f93f469071224d712b1d95983c70c7dad2e6b82b6e72974c8cd78c73a57aa2abcb518aa245f2fc1e73999f08a4865fffa70824377b333afc227024a8329941d3a4f9db89d9edaf68a64f06e0ca5b8df7d112792ca95f595664d51b5a6217bf3955d1a85ad094856c01ac303f020c322f429954c543f4a5523009032c0015995133ae088ed78b9f92ba7bb157eaf95b84712137b2646802ae5837b8b1d644258efd78275cba9fc592e0f62e757eb6,58d05c9a2f2f190cb2dd,2023-11-21 12:50:41.952886,2023-12-04 07:24:01.620525,2023-12-12 09:15:21.474840
499fae06-9af1-4beb-adf8-0bd0cfa6ee57,02550d76-89b4-423c-9bda-aa17f9dee751,video,294,fc65f68cec28e6089ffc1e4e3b43465575990ccbd48eaf1508fe6c88b2def07e3f0556f87e2464e4532745a1fce5d25980b7e1d083609a2a9d1c2767c8e68d64fe5363e7513010cb2497ba55c40292bd5b25a41365e2525c2d9264e6938f39617b60854406666ddb10b00e980f9d601fcfe2812bded2e5e9ce4b99ef6c07d8da39be3f3f1f94bc746e65546983e18a70d9170a7c3fc461014ec0148b1827cc6040fe7456a60593a940c9bf4f2ad65a1ce527d0957ccfdde0977bca096df97d7c9e393fd6f96a05d46b24028d6b2bf7fa38ed045d903ea6f425352a7ef7f98fbd47f3af44e1874048d4a16831e265eaabd7febb5379815a046b3f9eb49e665dfdb1eba3792fe3b52b303b32dafbbd7aab14b88238f9e07939424a00105b5dceb003ed97680bc9,47d4f5c8c287c1625a55,2023-12-05 12:41:43.050149,2023-12-28 02:40:17.272290,2023-12-30 21:28:56.492164
